-- ============================================================
-- 肇新智慧物业 · 住宅物业收费模块测试数据脚本
-- 版本：v0.11.0
-- 日期：2026-05-11
-- 负责人：QA
-- 说明：
--   1. 10 个项目（小区）
--   2. 50 栋楼（每项目 5 栋）
--   3. 500 个房间（每栋楼 10 个）
--   4. 100 个客户（业主/租户）
--   5. 500 条客户资产绑定（每房间绑定 1 客户）
--   6. 100 个仪表（每项目 10 个）
--   7. 10 个车场区域（每项目 1 个）
--   8. 50 个车位（每项目 5 个）
-- 执行前提：resi_init.sql 已执行（28 张表已创建）
-- ============================================================

SET FOREIGN_KEY_CHECKS = 0;

-- 清理已有测试数据（ID >= 100000 的认定为测试数据）
DELETE FROM resi_customer_asset WHERE id >= 100000;
DELETE FROM resi_room_transfer WHERE id >= 100000;
DELETE FROM resi_meter_device WHERE id >= 100000;
DELETE FROM resi_parking_space WHERE id >= 100000;
DELETE FROM resi_parking_area WHERE id >= 100000;
DELETE FROM resi_room WHERE id >= 100000;
DELETE FROM resi_building WHERE id >= 100000;
DELETE FROM resi_customer WHERE id >= 100000;
DELETE FROM resi_project WHERE id >= 100000;

-- ------------------------------------------------------------
-- 1. resi_project  10 个项目
-- ------------------------------------------------------------
INSERT INTO resi_project (id, code, name, address, contact_phone, manager_name, manager_phone, enabled_mark, create_by, create_time, update_by, update_time) VALUES
  (100001, 'TEST-BJ-YGHY', '北京阳光花园', '北京市朝阳区XX路1号', '010-80000001', '经理01', '13810011111', 1, 'admin', '2026-05-11 01:07:52', 'admin', '2026-05-11 01:07:52'),
  (100002, 'TEST-SH-FCW', '上海翡翠湾', '上海市海淀区XX路2号', '010-80000002', '经理02', '13810022222', 1, 'admin', '2026-05-11 01:07:52', 'admin', '2026-05-11 01:07:52'),
  (100003, 'TEST-GZ-LHXC', '广州龙湖新城', '广州市天河区XX路3号', '010-80000003', '经理03', '13810033333', 1, 'admin', '2026-05-11 01:07:52', 'admin', '2026-05-11 01:07:52'),
  (100004, 'TEST-SZ-BLHY', '深圳碧海华苑', '深圳市南山区XX路4号', '010-80000004', '经理04', '13810044444', 1, 'admin', '2026-05-11 01:07:52', 'admin', '2026-05-11 01:07:52'),
  (100005, 'TEST-HZ-XTYL', '杭州香缇雅苑', '杭州市西湖区XX路5号', '010-80000005', '经理05', '13810055555', 1, 'admin', '2026-05-11 01:07:52', 'admin', '2026-05-11 01:07:52'),
  (100006, 'TEST-CD-JCYJ', '成都锦城云璟', '成都市武侯区XX路6号', '010-80000006', '经理06', '13810066666', 1, 'admin', '2026-05-11 01:07:52', 'admin', '2026-05-11 01:07:52'),
  (100007, 'TEST-WH-JXHY', '武汉金镶玉华', '武汉市武昌区XX路7号', '010-80000007', '经理07', '13810077777', 1, 'admin', '2026-05-11 01:07:52', 'admin', '2026-05-11 01:07:52'),
  (100008, 'TEST-XA-QFHY', '西安清风华府', '西安市雁塔区XX路8号', '010-80000008', '经理08', '13810088888', 1, 'admin', '2026-05-11 01:07:52', 'admin', '2026-05-11 01:07:52'),
  (100009, 'TEST-NJ-ZSGC', '南京紫衫公城', '南京市鼓楼区XX路9号', '010-80000009', '经理09', '13810099999', 1, 'admin', '2026-05-11 01:07:52', 'admin', '2026-05-11 01:07:52'),
  (100010, 'TEST-CQ-YSHY', '重庆渝水华苑', '重庆市渝中区XX路10号', '010-80000010', '经理10', '13810111110', 1, 'admin', '2026-05-11 01:07:52', 'admin', '2026-05-11 01:07:52');

-- ------------------------------------------------------------
-- 2. resi_building  50 栋楼（每项目 5 栋）
-- ------------------------------------------------------------
INSERT INTO resi_building (id, project_id, name, number, floors, enabled_mark, create_by, create_time, update_by, update_time) VALUES
  (100001, 100001, '1号楼', 'B01', 6, 1, 'admin', '2026-05-11 01:07:52', 'admin', '2026-05-11 01:07:52'),
  (100002, 100001, '2号楼', 'B02', 6, 1, 'admin', '2026-05-11 01:07:52', 'admin', '2026-05-11 01:07:52'),
  (100003, 100001, '3号楼', 'B03', 18, 1, 'admin', '2026-05-11 01:07:52', 'admin', '2026-05-11 01:07:52'),
  (100004, 100001, '4号楼', 'B04', 11, 1, 'admin', '2026-05-11 01:07:52', 'admin', '2026-05-11 01:07:52'),
  (100005, 100001, '5号楼', 'B05', 11, 1, 'admin', '2026-05-11 01:07:52', 'admin', '2026-05-11 01:07:52'),
  (100006, 100002, '1号楼', 'B01', 11, 1, 'admin', '2026-05-11 01:07:52', 'admin', '2026-05-11 01:07:52'),
  (100007, 100002, '2号楼', 'B02', 6, 1, 'admin', '2026-05-11 01:07:52', 'admin', '2026-05-11 01:07:52'),
  (100008, 100002, '3号楼', 'B03', 33, 1, 'admin', '2026-05-11 01:07:52', 'admin', '2026-05-11 01:07:52'),
  (100009, 100002, '4号楼', 'B04', 6, 1, 'admin', '2026-05-11 01:07:52', 'admin', '2026-05-11 01:07:52'),
  (100010, 100002, '5号楼', 'B05', 33, 1, 'admin', '2026-05-11 01:07:52', 'admin', '2026-05-11 01:07:52'),
  (100011, 100003, '1号楼', 'B01', 26, 1, 'admin', '2026-05-11 01:07:52', 'admin', '2026-05-11 01:07:52'),
  (100012, 100003, '2号楼', 'B02', 6, 1, 'admin', '2026-05-11 01:07:52', 'admin', '2026-05-11 01:07:52'),
  (100013, 100003, '3号楼', 'B03', 6, 1, 'admin', '2026-05-11 01:07:52', 'admin', '2026-05-11 01:07:52'),
  (100014, 100003, '4号楼', 'B04', 6, 1, 'admin', '2026-05-11 01:07:52', 'admin', '2026-05-11 01:07:52'),
  (100015, 100003, '5号楼', 'B05', 11, 1, 'admin', '2026-05-11 01:07:52', 'admin', '2026-05-11 01:07:52'),
  (100016, 100004, '1号楼', 'B01', 11, 1, 'admin', '2026-05-11 01:07:52', 'admin', '2026-05-11 01:07:52'),
  (100017, 100004, '2号楼', 'B02', 33, 1, 'admin', '2026-05-11 01:07:52', 'admin', '2026-05-11 01:07:52'),
  (100018, 100004, '3号楼', 'B03', 33, 1, 'admin', '2026-05-11 01:07:52', 'admin', '2026-05-11 01:07:52'),
  (100019, 100004, '4号楼', 'B04', 6, 1, 'admin', '2026-05-11 01:07:52', 'admin', '2026-05-11 01:07:52'),
  (100020, 100004, '5号楼', 'B05', 33, 1, 'admin', '2026-05-11 01:07:52', 'admin', '2026-05-11 01:07:52'),
  (100021, 100005, '1号楼', 'B01', 11, 1, 'admin', '2026-05-11 01:07:52', 'admin', '2026-05-11 01:07:52'),
  (100022, 100005, '2号楼', 'B02', 33, 1, 'admin', '2026-05-11 01:07:52', 'admin', '2026-05-11 01:07:52'),
  (100023, 100005, '3号楼', 'B03', 26, 1, 'admin', '2026-05-11 01:07:52', 'admin', '2026-05-11 01:07:52'),
  (100024, 100005, '4号楼', 'B04', 11, 1, 'admin', '2026-05-11 01:07:52', 'admin', '2026-05-11 01:07:52'),
  (100025, 100005, '5号楼', 'B05', 26, 1, 'admin', '2026-05-11 01:07:52', 'admin', '2026-05-11 01:07:52'),
  (100026, 100006, '1号楼', 'B01', 33, 1, 'admin', '2026-05-11 01:07:52', 'admin', '2026-05-11 01:07:52'),
  (100027, 100006, '2号楼', 'B02', 18, 1, 'admin', '2026-05-11 01:07:52', 'admin', '2026-05-11 01:07:52'),
  (100028, 100006, '3号楼', 'B03', 6, 1, 'admin', '2026-05-11 01:07:52', 'admin', '2026-05-11 01:07:52'),
  (100029, 100006, '4号楼', 'B04', 11, 1, 'admin', '2026-05-11 01:07:52', 'admin', '2026-05-11 01:07:52'),
  (100030, 100006, '5号楼', 'B05', 26, 1, 'admin', '2026-05-11 01:07:52', 'admin', '2026-05-11 01:07:52'),
  (100031, 100007, '1号楼', 'B01', 18, 1, 'admin', '2026-05-11 01:07:52', 'admin', '2026-05-11 01:07:52'),
  (100032, 100007, '2号楼', 'B02', 18, 1, 'admin', '2026-05-11 01:07:52', 'admin', '2026-05-11 01:07:52'),
  (100033, 100007, '3号楼', 'B03', 11, 1, 'admin', '2026-05-11 01:07:52', 'admin', '2026-05-11 01:07:52'),
  (100034, 100007, '4号楼', 'B04', 11, 1, 'admin', '2026-05-11 01:07:52', 'admin', '2026-05-11 01:07:52'),
  (100035, 100007, '5号楼', 'B05', 18, 1, 'admin', '2026-05-11 01:07:52', 'admin', '2026-05-11 01:07:52'),
  (100036, 100008, '1号楼', 'B01', 6, 1, 'admin', '2026-05-11 01:07:52', 'admin', '2026-05-11 01:07:52'),
  (100037, 100008, '2号楼', 'B02', 6, 1, 'admin', '2026-05-11 01:07:52', 'admin', '2026-05-11 01:07:52'),
  (100038, 100008, '3号楼', 'B03', 26, 1, 'admin', '2026-05-11 01:07:52', 'admin', '2026-05-11 01:07:52'),
  (100039, 100008, '4号楼', 'B04', 6, 1, 'admin', '2026-05-11 01:07:52', 'admin', '2026-05-11 01:07:52'),
  (100040, 100008, '5号楼', 'B05', 18, 1, 'admin', '2026-05-11 01:07:52', 'admin', '2026-05-11 01:07:52'),
  (100041, 100009, '1号楼', 'B01', 18, 1, 'admin', '2026-05-11 01:07:52', 'admin', '2026-05-11 01:07:52'),
  (100042, 100009, '2号楼', 'B02', 33, 1, 'admin', '2026-05-11 01:07:52', 'admin', '2026-05-11 01:07:52'),
  (100043, 100009, '3号楼', 'B03', 18, 1, 'admin', '2026-05-11 01:07:52', 'admin', '2026-05-11 01:07:52'),
  (100044, 100009, '4号楼', 'B04', 6, 1, 'admin', '2026-05-11 01:07:52', 'admin', '2026-05-11 01:07:52'),
  (100045, 100009, '5号楼', 'B05', 26, 1, 'admin', '2026-05-11 01:07:52', 'admin', '2026-05-11 01:07:52'),
  (100046, 100010, '1号楼', 'B01', 33, 1, 'admin', '2026-05-11 01:07:52', 'admin', '2026-05-11 01:07:52'),
  (100047, 100010, '2号楼', 'B02', 6, 1, 'admin', '2026-05-11 01:07:52', 'admin', '2026-05-11 01:07:52'),
  (100048, 100010, '3号楼', 'B03', 26, 1, 'admin', '2026-05-11 01:07:52', 'admin', '2026-05-11 01:07:52'),
  (100049, 100010, '4号楼', 'B04', 6, 1, 'admin', '2026-05-11 01:07:52', 'admin', '2026-05-11 01:07:52'),
  (100050, 100010, '5号楼', 'B05', 33, 1, 'admin', '2026-05-11 01:07:52', 'admin', '2026-05-11 01:07:52');

-- ------------------------------------------------------------
-- 3. resi_room  500 个房间（每栋楼 10 个）
-- ------------------------------------------------------------
INSERT INTO resi_room (id, project_id, building_id, unit_no, floor_no, room_no, room_alias, building_area, inner_area, room_type, state, enabled_mark, create_by, create_time, update_by, update_time) VALUES
  (100001, 100001, 100001, NULL, 6, '601', '1栋601', 134.22, 112.23, 1, 'NORMAL', 1, 'admin', '2026-05-11 01:07:52', 'admin', '2026-05-11 01:07:52'),
  (100002, 100001, 100001, NULL, 1, '102', '1栋102', 139.35, 115.29, 4, 'VACANT', 1, 'admin', '2026-05-11 01:07:52', 'admin', '2026-05-11 01:07:52'),
  (100003, 100001, 100001, NULL, 1, '103', '1栋103', 105.62, 84.0, 1, 'NORMAL', 1, 'admin', '2026-05-11 01:07:52', 'admin', '2026-05-11 01:07:52'),
  (100004, 100001, 100001, NULL, 3, '304', '1栋304', 85.14, 66.13, 3, 'NORMAL', 1, 'admin', '2026-05-11 01:07:52', 'admin', '2026-05-11 01:07:52'),
  (100005, 100001, 100001, NULL, 5, '505', '1栋505', 136.2, 109.42, 1, 'NORMAL', 1, 'admin', '2026-05-11 01:07:52', 'admin', '2026-05-11 01:07:52'),
  (100006, 100001, 100001, NULL, 11, '1106', '1栋1106', 178.74, 145.49, 1, 'NORMAL', 1, 'admin', '2026-05-11 01:07:52', 'admin', '2026-05-11 01:07:52'),
  (100007, 100001, 100001, NULL, 7, '707', '1栋707', 87.49, 65.9, 1, 'NORMAL', 1, 'admin', '2026-05-11 01:07:52', 'admin', '2026-05-11 01:07:52'),
  (100008, 100001, 100001, NULL, 10, '1008', '1栋1008', 169.58, 136.8, 1, 'NORMAL', 1, 'admin', '2026-05-11 01:07:52', 'admin', '2026-05-11 01:07:52'),
  (100009, 100001, 100001, NULL, 14, '1409', '1栋1409', 107.48, 90.44, 1, 'NORMAL', 1, 'admin', '2026-05-11 01:07:52', 'admin', '2026-05-11 01:07:52'),
  (100010, 100001, 100001, NULL, 10, '1010', '1栋1010', 149.4, 120.1, 1, 'NORMAL', 1, 'admin', '2026-05-11 01:07:52', 'admin', '2026-05-11 01:07:52'),
  (100011, 100001, 100002, NULL, 3, '301', '2栋301', 86.32, 73.35, 1, 'NORMAL', 1, 'admin', '2026-05-11 01:07:52', 'admin', '2026-05-11 01:07:52'),
  (100012, 100001, 100002, NULL, 1, '102', '2栋102', 163.33, 124.99, 1, 'NORMAL', 1, 'admin', '2026-05-11 01:07:52', 'admin', '2026-05-11 01:07:52'),
  (100013, 100001, 100002, NULL, 5, '503', '2栋503', 67.62, 53.3, 4, 'NORMAL', 1, 'admin', '2026-05-11 01:07:52', 'admin', '2026-05-11 01:07:52'),
  (100014, 100001, 100002, NULL, 5, '504', '2栋504', 163.29, 122.65, 1, 'NORMAL', 1, 'admin', '2026-05-11 01:07:52', 'admin', '2026-05-11 01:07:52'),
  (100015, 100001, 100002, NULL, 5, '505', '2栋505', 150.11, 124.12, 1, 'NORMAL', 1, 'admin', '2026-05-11 01:07:52', 'admin', '2026-05-11 01:07:52'),
  (100016, 100001, 100002, NULL, 9, '906', '2栋906', 114.45, 96.75, 2, 'NORMAL', 1, 'admin', '2026-05-11 01:07:52', 'admin', '2026-05-11 01:07:52'),
  (100017, 100001, 100002, NULL, 15, '1507', '2栋1507', 151.44, 121.27, 1, 'NORMAL', 1, 'admin', '2026-05-11 01:07:52', 'admin', '2026-05-11 01:07:52'),
  (100018, 100001, 100002, NULL, 17, '1708', '2栋1708', 120.92, 93.1, 1, 'NORMAL', 1, 'admin', '2026-05-11 01:07:52', 'admin', '2026-05-11 01:07:52'),
  (100019, 100001, 100002, NULL, 15, '1509', '2栋1509', 170.22, 137.86, 1, 'NORMAL', 1, 'admin', '2026-05-11 01:07:52', 'admin', '2026-05-11 01:07:52'),
  (100020, 100001, 100002, NULL, 12, '1210', '2栋1210', 165.45, 137.85, 1, 'NORMAL', 1, 'admin', '2026-05-11 01:07:52', 'admin', '2026-05-11 01:07:52'),
  (100021, 100001, 100003, '1单元', 1, '101', '3栋1单元101', 147.83, 122.94, 4, 'NORMAL', 1, 'admin', '2026-05-11 01:07:52', 'admin', '2026-05-11 01:07:52'),
  (100022, 100001, 100003, '1单元', 2, '202', '3栋1单元202', 75.41, 60.14, 1, 'NORMAL', 1, 'admin', '2026-05-11 01:07:52', 'admin', '2026-05-11 01:07:52'),
  (100023, 100001, 100003, '1单元', 5, '503', '3栋1单元503', 110.78, 85.43, 1, 'NORMAL', 1, 'admin', '2026-05-11 01:07:52', 'admin', '2026-05-11 01:07:52'),
  (100024, 100001, 100003, '1单元', 2, '204', '3栋1单元204', 145.55, 114.97, 1, 'NORMAL', 1, 'admin', '2026-05-11 01:07:52', 'admin', '2026-05-11 01:07:52'),
  (100025, 100001, 100003, '1单元', 5, '505', '3栋1单元505', 114.18, 88.47, 1, 'NORMAL', 1, 'admin', '2026-05-11 01:07:52', 'admin', '2026-05-11 01:07:52'),
  (100026, 100001, 100003, '1单元', 15, '1506', '3栋1单元1506', 87.61, 67.64, 1, 'NORMAL', 1, 'admin', '2026-05-11 01:07:52', 'admin', '2026-05-11 01:07:52'),
  (100027, 100001, 100003, '1单元', 10, '1007', '3栋1单元1007', 68.09, 51.28, 1, 'NORMAL', 1, 'admin', '2026-05-11 01:07:52', 'admin', '2026-05-11 01:07:52'),
  (100028, 100001, 100003, '1单元', 11, '1108', '3栋1单元1108', 140.28, 108.22, 1, 'DECORATING', 1, 'admin', '2026-05-11 01:07:52', 'admin', '2026-05-11 01:07:52'),
  (100029, 100001, 100003, '1单元', 16, '1609', '3栋1单元1609', 129.15, 100.0, 1, 'NORMAL', 1, 'admin', '2026-05-11 01:07:52', 'admin', '2026-05-11 01:07:52'),
  (100030, 100001, 100003, '1单元', 8, '810', '3栋1单元810', 71.63, 56.81, 1, 'NORMAL', 1, 'admin', '2026-05-11 01:07:52', 'admin', '2026-05-11 01:07:52'),
  (100031, 100001, 100004, '1单元', 6, '601', '4栋1单元601', 138.41, 112.75, 1, 'NORMAL', 1, 'admin', '2026-05-11 01:07:52', 'admin', '2026-05-11 01:07:52'),
  (100032, 100001, 100004, '1单元', 1, '102', '4栋1单元102', 89.84, 69.09, 1, 'NORMAL', 1, 'admin', '2026-05-11 01:07:52', 'admin', '2026-05-11 01:07:52'),
  (100033, 100001, 100004, '1单元', 3, '303', '4栋1单元303', 115.52, 96.74, 1, 'VACANT', 1, 'admin', '2026-05-11 01:07:52', 'admin', '2026-05-11 01:07:52'),
  (100034, 100001, 100004, '1单元', 5, '504', '4栋1单元504', 71.75, 58.49, 1, 'NORMAL', 1, 'admin', '2026-05-11 01:07:52', 'admin', '2026-05-11 01:07:52'),
  (100035, 100001, 100004, '1单元', 1, '105', '4栋1单元105', 171.16, 142.9, 1, 'NORMAL', 1, 'admin', '2026-05-11 01:07:52', 'admin', '2026-05-11 01:07:52'),
  (100036, 100001, 100004, '1单元', 10, '1006', '4栋1单元1006', 163.76, 137.6, 1, 'NORMAL', 1, 'admin', '2026-05-11 01:07:52', 'admin', '2026-05-11 01:07:52'),
  (100037, 100001, 100004, '1单元', 13, '1307', '4栋1单元1307', 91.82, 76.06, 1, 'NORMAL', 1, 'admin', '2026-05-11 01:07:52', 'admin', '2026-05-11 01:07:52'),
  (100038, 100001, 100004, '1单元', 18, '1808', '4栋1单元1808', 179.45, 144.56, 1, 'NORMAL', 1, 'admin', '2026-05-11 01:07:52', 'admin', '2026-05-11 01:07:52'),
  (100039, 100001, 100004, '1单元', 11, '1109', '4栋1单元1109', 86.12, 65.09, 1, 'NORMAL', 1, 'admin', '2026-05-11 01:07:52', 'admin', '2026-05-11 01:07:52'),
  (100040, 100001, 100004, '1单元', 12, '1210', '4栋1单元1210', 66.86, 54.05, 1, 'VACANT', 1, 'admin', '2026-05-11 01:07:52', 'admin', '2026-05-11 01:07:52'),
  (100041, 100001, 100005, '2单元', 1, '101', '5栋2单元101', 175.29, 132.87, 1, 'NORMAL', 1, 'admin', '2026-05-11 01:07:52', 'admin', '2026-05-11 01:07:52'),
  (100042, 100001, 100005, '2单元', 6, '602', '5栋2单元602', 163.42, 129.16, 3, 'NORMAL', 1, 'admin', '2026-05-11 01:07:52', 'admin', '2026-05-11 01:07:52'),
  (100043, 100001, 100005, '2单元', 5, '503', '5栋2单元503', 131.34, 106.64, 1, 'NORMAL', 1, 'admin', '2026-05-11 01:07:52', 'admin', '2026-05-11 01:07:52'),
  (100044, 100001, 100005, '2单元', 5, '504', '5栋2单元504', 97.96, 76.02, 1, 'NORMAL', 1, 'admin', '2026-05-11 01:07:52', 'admin', '2026-05-11 01:07:52'),
  (100045, 100001, 100005, '2单元', 3, '305', '5栋2单元305', 107.49, 87.84, 1, 'NORMAL', 1, 'admin', '2026-05-11 01:07:52', 'admin', '2026-05-11 01:07:52'),
  (100046, 100001, 100005, '2单元', 8, '806', '5栋2单元806', 61.12, 49.64, 1, 'NORMAL', 1, 'admin', '2026-05-11 01:07:52', 'admin', '2026-05-11 01:07:52'),
  (100047, 100001, 100005, '2单元', 15, '1507', '5栋2单元1507', 85.58, 66.45, 3, 'VACANT', 1, 'admin', '2026-05-11 01:07:52', 'admin', '2026-05-11 01:07:52'),
  (100048, 100001, 100005, '2单元', 10, '1008', '5栋2单元1008', 104.34, 79.9, 1, 'NORMAL', 1, 'admin', '2026-05-11 01:07:52', 'admin', '2026-05-11 01:07:52'),
  (100049, 100001, 100005, '2单元', 16, '1609', '5栋2单元1609', 178.06, 147.92, 1, 'NORMAL', 1, 'admin', '2026-05-11 01:07:52', 'admin', '2026-05-11 01:07:52'),
  (100050, 100001, 100005, '2单元', 15, '1510', '5栋2单元1510', 95.93, 78.31, 3, 'NORMAL', 1, 'admin', '2026-05-11 01:07:52', 'admin', '2026-05-11 01:07:52'),
  (100051, 100002, 100006, '1单元', 1, '101', '1栋1单元101', 149.09, 114.14, 1, 'NORMAL', 1, 'admin', '2026-05-11 01:07:52', 'admin', '2026-05-11 01:07:52'),
  (100052, 100002, 100006, '1单元', 3, '302', '1栋1单元302', 84.43, 68.68, 1, 'NORMAL', 1, 'admin', '2026-05-11 01:07:52', 'admin', '2026-05-11 01:07:52'),
  (100053, 100002, 100006, '1单元', 1, '103', '1栋1单元103', 71.08, 56.32, 1, 'NORMAL', 1, 'admin', '2026-05-11 01:07:52', 'admin', '2026-05-11 01:07:52'),
  (100054, 100002, 100006, '1单元', 2, '204', '1栋1单元204', 136.45, 105.91, 1, 'NORMAL', 1, 'admin', '2026-05-11 01:07:52', 'admin', '2026-05-11 01:07:52'),
  (100055, 100002, 100006, '1单元', 4, '405', '1栋1单元405', 127.31, 96.91, 3, 'NORMAL', 1, 'admin', '2026-05-11 01:07:52', 'admin', '2026-05-11 01:07:52'),
  (100056, 100002, 100006, '1单元', 9, '906', '1栋1单元906', 125.47, 104.57, 1, 'NORMAL', 1, 'admin', '2026-05-11 01:07:52', 'admin', '2026-05-11 01:07:52'),
  (100057, 100002, 100006, '1单元', 9, '907', '1栋1单元907', 65.02, 51.14, 3, 'DECORATING', 1, 'admin', '2026-05-11 01:07:52', 'admin', '2026-05-11 01:07:52'),
  (100058, 100002, 100006, '1单元', 7, '708', '1栋1单元708', 167.87, 129.43, 1, 'NORMAL', 1, 'admin', '2026-05-11 01:07:52', 'admin', '2026-05-11 01:07:52'),
  (100059, 100002, 100006, '1单元', 15, '1509', '1栋1单元1509', 166.1, 131.32, 1, 'NORMAL', 1, 'admin', '2026-05-11 01:07:52', 'admin', '2026-05-11 01:07:52'),
  (100060, 100002, 100006, '1单元', 10, '1010', '1栋1单元1010', 163.75, 138.8, 1, 'VACANT', 1, 'admin', '2026-05-11 01:07:52', 'admin', '2026-05-11 01:07:52'),
  (100061, 100002, 100007, '1单元', 2, '201', '2栋1单元201', 148.39, 116.22, 3, 'VACANT', 1, 'admin', '2026-05-11 01:07:52', 'admin', '2026-05-11 01:07:52'),
  (100062, 100002, 100007, '1单元', 6, '602', '2栋1单元602', 157.29, 122.16, 1, 'NORMAL', 1, 'admin', '2026-05-11 01:07:52', 'admin', '2026-05-11 01:07:52'),
  (100063, 100002, 100007, '1单元', 1, '103', '2栋1单元103', 163.03, 125.9, 1, 'NORMAL', 1, 'admin', '2026-05-11 01:07:52', 'admin', '2026-05-11 01:07:52'),
  (100064, 100002, 100007, '1单元', 3, '304', '2栋1单元304', 158.46, 132.65, 1, 'NORMAL', 1, 'admin', '2026-05-11 01:07:52', 'admin', '2026-05-11 01:07:52'),
  (100065, 100002, 100007, '1单元', 4, '405', '2栋1单元405', 99.39, 83.13, 4, 'NORMAL', 1, 'admin', '2026-05-11 01:07:52', 'admin', '2026-05-11 01:07:52'),
  (100066, 100002, 100007, '1单元', 17, '1706', '2栋1单元1706', 121.13, 99.08, 1, 'NORMAL', 1, 'admin', '2026-05-11 01:07:52', 'admin', '2026-05-11 01:07:52'),
  (100067, 100002, 100007, '1单元', 7, '707', '2栋1单元707', 73.84, 62.55, 1, 'DECORATING', 1, 'admin', '2026-05-11 01:07:52', 'admin', '2026-05-11 01:07:52'),
  (100068, 100002, 100007, '1单元', 11, '1108', '2栋1单元1108', 64.59, 52.3, 1, 'NORMAL', 1, 'admin', '2026-05-11 01:07:52', 'admin', '2026-05-11 01:07:52'),
  (100069, 100002, 100007, '1单元', 13, '1309', '2栋1单元1309', 132.75, 106.35, 1, 'NORMAL', 1, 'admin', '2026-05-11 01:07:52', 'admin', '2026-05-11 01:07:52'),
  (100070, 100002, 100007, '1单元', 11, '1110', '2栋1单元1110', 65.33, 51.85, 1, 'VACANT', 1, 'admin', '2026-05-11 01:07:52', 'admin', '2026-05-11 01:07:52'),
  (100071, 100002, 100008, '2单元', 3, '301', '3栋2单元301', 111.76, 94.42, 3, 'NORMAL', 1, 'admin', '2026-05-11 01:07:52', 'admin', '2026-05-11 01:07:52'),
  (100072, 100002, 100008, '2单元', 6, '602', '3栋2单元602', 161.76, 132.96, 1, 'NORMAL', 1, 'admin', '2026-05-11 01:07:52', 'admin', '2026-05-11 01:07:52'),
  (100073, 100002, 100008, '2单元', 4, '403', '3栋2单元403', 99.14, 81.27, 1, 'NORMAL', 1, 'admin', '2026-05-11 01:07:52', 'admin', '2026-05-11 01:07:52'),
  (100074, 100002, 100008, '2单元', 6, '604', '3栋2单元604', 172.84, 141.34, 3, 'NORMAL', 1, 'admin', '2026-05-11 01:07:52', 'admin', '2026-05-11 01:07:52'),
  (100075, 100002, 100008, '2单元', 3, '305', '3栋2单元305', 108.73, 90.61, 1, 'NORMAL', 1, 'admin', '2026-05-11 01:07:52', 'admin', '2026-05-11 01:07:52'),
  (100076, 100002, 100008, '2单元', 16, '1606', '3栋2单元1606', 132.8, 103.88, 1, 'NORMAL', 1, 'admin', '2026-05-11 01:07:52', 'admin', '2026-05-11 01:07:52'),
  (100077, 100002, 100008, '2单元', 15, '1507', '3栋2单元1507', 116.78, 98.11, 1, 'NORMAL', 1, 'admin', '2026-05-11 01:07:52', 'admin', '2026-05-11 01:07:52'),
  (100078, 100002, 100008, '2单元', 8, '808', '3栋2单元808', 94.05, 76.78, 1, 'NORMAL', 1, 'admin', '2026-05-11 01:07:52', 'admin', '2026-05-11 01:07:52'),
  (100079, 100002, 100008, '2单元', 10, '1009', '3栋2单元1009', 140.74, 108.72, 1, 'NORMAL', 1, 'admin', '2026-05-11 01:07:52', 'admin', '2026-05-11 01:07:52'),
  (100080, 100002, 100008, '2单元', 10, '1010', '3栋2单元1010', 178.07, 144.44, 1, 'NORMAL', 1, 'admin', '2026-05-11 01:07:52', 'admin', '2026-05-11 01:07:52'),
  (100081, 100002, 100009, '2单元', 6, '601', '4栋2单元601', 143.56, 114.77, 1, 'NORMAL', 1, 'admin', '2026-05-11 01:07:52', 'admin', '2026-05-11 01:07:52'),
  (100082, 100002, 100009, '2单元', 1, '102', '4栋2单元102', 167.12, 139.72, 2, 'NORMAL', 1, 'admin', '2026-05-11 01:07:52', 'admin', '2026-05-11 01:07:52'),
  (100083, 100002, 100009, '2单元', 2, '203', '4栋2单元203', 81.11, 68.6, 1, 'NORMAL', 1, 'admin', '2026-05-11 01:07:52', 'admin', '2026-05-11 01:07:52'),
  (100084, 100002, 100009, '2单元', 2, '204', '4栋2单元204', 170.1, 129.64, 1, 'NORMAL', 1, 'admin', '2026-05-11 01:07:52', 'admin', '2026-05-11 01:07:52'),
  (100085, 100002, 100009, '2单元', 5, '505', '4栋2单元505', 178.55, 144.54, 4, 'VACANT', 1, 'admin', '2026-05-11 01:07:52', 'admin', '2026-05-11 01:07:52'),
  (100086, 100002, 100009, '2单元', 16, '1606', '4栋2单元1606', 157.8, 132.43, 1, 'DECORATING', 1, 'admin', '2026-05-11 01:07:52', 'admin', '2026-05-11 01:07:52'),
  (100087, 100002, 100009, '2单元', 14, '1407', '4栋2单元1407', 167.66, 138.21, 1, 'NORMAL', 1, 'admin', '2026-05-11 01:07:52', 'admin', '2026-05-11 01:07:52'),
  (100088, 100002, 100009, '2单元', 10, '1008', '4栋2单元1008', 160.78, 125.04, 1, 'NORMAL', 1, 'admin', '2026-05-11 01:07:52', 'admin', '2026-05-11 01:07:52'),
  (100089, 100002, 100009, '2单元', 10, '1009', '4栋2单元1009', 92.95, 70.43, 1, 'NORMAL', 1, 'admin', '2026-05-11 01:07:52', 'admin', '2026-05-11 01:07:52'),
  (100090, 100002, 100009, '2单元', 12, '1210', '4栋2单元1210', 167.16, 126.72, 1, 'NORMAL', 1, 'admin', '2026-05-11 01:07:52', 'admin', '2026-05-11 01:07:52'),
  (100091, 100002, 100010, '2单元', 6, '601', '5栋2单元601', 85.67, 67.81, 1, 'NORMAL', 1, 'admin', '2026-05-11 01:07:52', 'admin', '2026-05-11 01:07:52'),
  (100092, 100002, 100010, '2单元', 1, '102', '5栋2单元102', 84.82, 67.18, 3, 'NORMAL', 1, 'admin', '2026-05-11 01:07:52', 'admin', '2026-05-11 01:07:52'),
  (100093, 100002, 100010, '2单元', 6, '603', '5栋2单元603', 62.34, 52.25, 1, 'NORMAL', 1, 'admin', '2026-05-11 01:07:52', 'admin', '2026-05-11 01:07:52'),
  (100094, 100002, 100010, '2单元', 3, '304', '5栋2单元304', 95.83, 75.61, 2, 'VACANT', 1, 'admin', '2026-05-11 01:07:52', 'admin', '2026-05-11 01:07:52'),
  (100095, 100002, 100010, '2单元', 5, '505', '5栋2单元505', 149.7, 120.45, 1, 'NORMAL', 1, 'admin', '2026-05-11 01:07:52', 'admin', '2026-05-11 01:07:52'),
  (100096, 100002, 100010, '2单元', 10, '1006', '5栋2单元1006', 92.75, 74.07, 1, 'NORMAL', 1, 'admin', '2026-05-11 01:07:52', 'admin', '2026-05-11 01:07:52'),
  (100097, 100002, 100010, '2单元', 13, '1307', '5栋2单元1307', 146.9, 122.52, 3, 'DECORATING', 1, 'admin', '2026-05-11 01:07:52', 'admin', '2026-05-11 01:07:52'),
  (100098, 100002, 100010, '2单元', 15, '1508', '5栋2单元1508', 63.24, 49.92, 1, 'NORMAL', 1, 'admin', '2026-05-11 01:07:52', 'admin', '2026-05-11 01:07:52'),
  (100099, 100002, 100010, '2单元', 17, '1709', '5栋2单元1709', 111.43, 93.23, 1, 'NORMAL', 1, 'admin', '2026-05-11 01:07:52', 'admin', '2026-05-11 01:07:52'),
  (100100, 100002, 100010, '2单元', 12, '1210', '5栋2单元1210', 85.4, 66.84, 1, 'NORMAL', 1, 'admin', '2026-05-11 01:07:52', 'admin', '2026-05-11 01:07:52'),
  (100101, 100003, 100011, NULL, 3, '301', '1栋301', 160.19, 127.68, 1, 'NORMAL', 1, 'admin', '2026-05-11 01:07:52', 'admin', '2026-05-11 01:07:52'),
  (100102, 100003, 100011, NULL, 3, '302', '1栋302', 86.91, 65.78, 4, 'NORMAL', 1, 'admin', '2026-05-11 01:07:52', 'admin', '2026-05-11 01:07:52'),
  (100103, 100003, 100011, NULL, 1, '103', '1栋103', 173.95, 133.93, 1, 'NORMAL', 1, 'admin', '2026-05-11 01:07:52', 'admin', '2026-05-11 01:07:52'),
  (100104, 100003, 100011, NULL, 2, '204', '1栋204', 116.83, 88.96, 3, 'NORMAL', 1, 'admin', '2026-05-11 01:07:52', 'admin', '2026-05-11 01:07:52'),
  (100105, 100003, 100011, NULL, 3, '305', '1栋305', 152.03, 116.57, 1, 'NORMAL', 1, 'admin', '2026-05-11 01:07:52', 'admin', '2026-05-11 01:07:52'),
  (100106, 100003, 100011, NULL, 8, '806', '1栋806', 153.34, 117.52, 1, 'NORMAL', 1, 'admin', '2026-05-11 01:07:52', 'admin', '2026-05-11 01:07:52'),
  (100107, 100003, 100011, NULL, 11, '1107', '1栋1107', 129.1, 108.55, 1, 'DECORATING', 1, 'admin', '2026-05-11 01:07:52', 'admin', '2026-05-11 01:07:52'),
  (100108, 100003, 100011, NULL, 10, '1008', '1栋1008', 69.12, 56.61, 1, 'NORMAL', 1, 'admin', '2026-05-11 01:07:52', 'admin', '2026-05-11 01:07:52'),
  (100109, 100003, 100011, NULL, 11, '1109', '1栋1109', 162.04, 131.26, 1, 'DECORATING', 1, 'admin', '2026-05-11 01:07:52', 'admin', '2026-05-11 01:07:52'),
  (100110, 100003, 100011, NULL, 7, '710', '1栋710', 101.66, 80.6, 1, 'NORMAL', 1, 'admin', '2026-05-11 01:07:52', 'admin', '2026-05-11 01:07:52'),
  (100111, 100003, 100012, NULL, 1, '101', '2栋101', 161.95, 134.78, 1, 'DECORATING', 1, 'admin', '2026-05-11 01:07:52', 'admin', '2026-05-11 01:07:52'),
  (100112, 100003, 100012, NULL, 6, '602', '2栋602', 166.99, 132.92, 1, 'NORMAL', 1, 'admin', '2026-05-11 01:07:52', 'admin', '2026-05-11 01:07:52'),
  (100113, 100003, 100012, NULL, 5, '503', '2栋503', 175.86, 136.64, 1, 'NORMAL', 1, 'admin', '2026-05-11 01:07:52', 'admin', '2026-05-11 01:07:52'),
  (100114, 100003, 100012, NULL, 4, '404', '2栋404', 115.78, 96.4, 1, 'NORMAL', 1, 'admin', '2026-05-11 01:07:52', 'admin', '2026-05-11 01:07:52'),
  (100115, 100003, 100012, NULL, 2, '205', '2栋205', 159.69, 121.15, 2, 'NORMAL', 1, 'admin', '2026-05-11 01:07:52', 'admin', '2026-05-11 01:07:52'),
  (100116, 100003, 100012, NULL, 14, '1406', '2栋1406', 128.38, 104.86, 1, 'NORMAL', 1, 'admin', '2026-05-11 01:07:52', 'admin', '2026-05-11 01:07:52'),
  (100117, 100003, 100012, NULL, 12, '1207', '2栋1207', 81.82, 63.1, 1, 'NORMAL', 1, 'admin', '2026-05-11 01:07:52', 'admin', '2026-05-11 01:07:52'),
  (100118, 100003, 100012, NULL, 16, '1608', '2栋1608', 144.14, 112.09, 1, 'DECORATING', 1, 'admin', '2026-05-11 01:07:52', 'admin', '2026-05-11 01:07:52'),
  (100119, 100003, 100012, NULL, 8, '809', '2栋809', 88.96, 70.34, 1, 'NORMAL', 1, 'admin', '2026-05-11 01:07:52', 'admin', '2026-05-11 01:07:52'),
  (100120, 100003, 100012, NULL, 14, '1410', '2栋1410', 137.51, 109.88, 1, 'NORMAL', 1, 'admin', '2026-05-11 01:07:52', 'admin', '2026-05-11 01:07:52'),
  (100121, 100003, 100013, '2单元', 4, '401', '3栋2单元401', 143.01, 111.64, 1, 'NORMAL', 1, 'admin', '2026-05-11 01:07:52', 'admin', '2026-05-11 01:07:52'),
  (100122, 100003, 100013, '2单元', 5, '502', '3栋2单元502', 101.25, 86.03, 1, 'NORMAL', 1, 'admin', '2026-05-11 01:07:52', 'admin', '2026-05-11 01:07:52'),
  (100123, 100003, 100013, '2单元', 4, '403', '3栋2单元403', 92.51, 71.71, 1, 'NORMAL', 1, 'admin', '2026-05-11 01:07:52', 'admin', '2026-05-11 01:07:52'),
  (100124, 100003, 100013, '2单元', 1, '104', '3栋2单元104', 149.15, 126.04, 1, 'NORMAL', 1, 'admin', '2026-05-11 01:07:52', 'admin', '2026-05-11 01:07:52'),
  (100125, 100003, 100013, '2单元', 6, '605', '3栋2单元605', 118.1, 97.13, 4, 'NORMAL', 1, 'admin', '2026-05-11 01:07:52', 'admin', '2026-05-11 01:07:52'),
  (100126, 100003, 100013, '2单元', 11, '1106', '3栋2单元1106', 177.66, 148.04, 1, 'NORMAL', 1, 'admin', '2026-05-11 01:07:52', 'admin', '2026-05-11 01:07:52'),
  (100127, 100003, 100013, '2单元', 11, '1107', '3栋2单元1107', 61.7, 49.57, 1, 'DECORATING', 1, 'admin', '2026-05-11 01:07:52', 'admin', '2026-05-11 01:07:52'),
  (100128, 100003, 100013, '2单元', 15, '1508', '3栋2单元1508', 95.06, 80.27, 1, 'NORMAL', 1, 'admin', '2026-05-11 01:07:52', 'admin', '2026-05-11 01:07:52'),
  (100129, 100003, 100013, '2单元', 8, '809', '3栋2单元809', 164.73, 133.0, 1, 'NORMAL', 1, 'admin', '2026-05-11 01:07:52', 'admin', '2026-05-11 01:07:52'),
  (100130, 100003, 100013, '2单元', 9, '910', '3栋2单元910', 175.86, 136.34, 2, 'NORMAL', 1, 'admin', '2026-05-11 01:07:52', 'admin', '2026-05-11 01:07:52'),
  (100131, 100003, 100014, '1单元', 4, '401', '4栋1单元401', 119.01, 96.12, 1, 'NORMAL', 1, 'admin', '2026-05-11 01:07:52', 'admin', '2026-05-11 01:07:52'),
  (100132, 100003, 100014, '1单元', 5, '502', '4栋1单元502', 173.9, 131.91, 1, 'NORMAL', 1, 'admin', '2026-05-11 01:07:52', 'admin', '2026-05-11 01:07:52'),
  (100133, 100003, 100014, '1单元', 4, '403', '4栋1单元403', 132.76, 110.07, 1, 'NORMAL', 1, 'admin', '2026-05-11 01:07:52', 'admin', '2026-05-11 01:07:52'),
  (100134, 100003, 100014, '1单元', 4, '404', '4栋1单元404', 169.02, 131.79, 1, 'NORMAL', 1, 'admin', '2026-05-11 01:07:52', 'admin', '2026-05-11 01:07:52'),
  (100135, 100003, 100014, '1单元', 5, '505', '4栋1单元505', 134.52, 109.09, 1, 'DECORATING', 1, 'admin', '2026-05-11 01:07:52', 'admin', '2026-05-11 01:07:52'),
  (100136, 100003, 100014, '1单元', 10, '1006', '4栋1单元1006', 135.06, 104.87, 1, 'NORMAL', 1, 'admin', '2026-05-11 01:07:52', 'admin', '2026-05-11 01:07:52'),
  (100137, 100003, 100014, '1单元', 15, '1507', '4栋1单元1507', 69.01, 51.78, 1, 'NORMAL', 1, 'admin', '2026-05-11 01:07:52', 'admin', '2026-05-11 01:07:52'),
  (100138, 100003, 100014, '1单元', 11, '1108', '4栋1单元1108', 63.92, 49.78, 1, 'VACANT', 1, 'admin', '2026-05-11 01:07:52', 'admin', '2026-05-11 01:07:52'),
  (100139, 100003, 100014, '1单元', 8, '809', '4栋1单元809', 142.49, 120.03, 1, 'NORMAL', 1, 'admin', '2026-05-11 01:07:52', 'admin', '2026-05-11 01:07:52'),
  (100140, 100003, 100014, '1单元', 17, '1710', '4栋1单元1710', 156.47, 120.45, 1, 'NORMAL', 1, 'admin', '2026-05-11 01:07:52', 'admin', '2026-05-11 01:07:52'),
  (100141, 100003, 100015, '2单元', 3, '301', '5栋2单元301', 159.2, 120.54, 1, 'NORMAL', 1, 'admin', '2026-05-11 01:07:52', 'admin', '2026-05-11 01:07:52'),
  (100142, 100003, 100015, '2单元', 6, '602', '5栋2单元602', 158.91, 133.82, 1, 'NORMAL', 1, 'admin', '2026-05-11 01:07:52', 'admin', '2026-05-11 01:07:52'),
  (100143, 100003, 100015, '2单元', 3, '303', '5栋2单元303', 143.97, 121.55, 1, 'NORMAL', 1, 'admin', '2026-05-11 01:07:52', 'admin', '2026-05-11 01:07:52'),
  (100144, 100003, 100015, '2单元', 1, '104', '5栋2单元104', 131.76, 110.54, 1, 'NORMAL', 1, 'admin', '2026-05-11 01:07:52', 'admin', '2026-05-11 01:07:52'),
  (100145, 100003, 100015, '2单元', 1, '105', '5栋2单元105', 70.96, 60.05, 1, 'NORMAL', 1, 'admin', '2026-05-11 01:07:52', 'admin', '2026-05-11 01:07:52'),
  (100146, 100003, 100015, '2单元', 7, '706', '5栋2单元706', 179.95, 147.06, 1, 'NORMAL', 1, 'admin', '2026-05-11 01:07:52', 'admin', '2026-05-11 01:07:52'),
  (100147, 100003, 100015, '2单元', 9, '907', '5栋2单元907', 116.46, 94.93, 3, 'NORMAL', 1, 'admin', '2026-05-11 01:07:52', 'admin', '2026-05-11 01:07:52'),
  (100148, 100003, 100015, '2单元', 16, '1608', '5栋2单元1608', 112.31, 93.38, 4, 'NORMAL', 1, 'admin', '2026-05-11 01:07:52', 'admin', '2026-05-11 01:07:52'),
  (100149, 100003, 100015, '2单元', 13, '1309', '5栋2单元1309', 100.0, 81.7, 2, 'NORMAL', 1, 'admin', '2026-05-11 01:07:52', 'admin', '2026-05-11 01:07:52'),
  (100150, 100003, 100015, '2单元', 18, '1810', '5栋2单元1810', 119.46, 97.51, 1, 'NORMAL', 1, 'admin', '2026-05-11 01:07:52', 'admin', '2026-05-11 01:07:52'),
  (100151, 100004, 100016, '1单元', 4, '401', '1栋1单元401', 70.57, 54.71, 1, 'NORMAL', 1, 'admin', '2026-05-11 01:07:52', 'admin', '2026-05-11 01:07:52'),
  (100152, 100004, 100016, '1单元', 5, '502', '1栋1单元502', 158.99, 119.26, 2, 'NORMAL', 1, 'admin', '2026-05-11 01:07:52', 'admin', '2026-05-11 01:07:52'),
  (100153, 100004, 100016, '1单元', 1, '103', '1栋1单元103', 82.51, 64.87, 1, 'NORMAL', 1, 'admin', '2026-05-11 01:07:52', 'admin', '2026-05-11 01:07:52'),
  (100154, 100004, 100016, '1单元', 1, '104', '1栋1单元104', 84.43, 67.96, 3, 'NORMAL', 1, 'admin', '2026-05-11 01:07:52', 'admin', '2026-05-11 01:07:52'),
  (100155, 100004, 100016, '1单元', 6, '605', '1栋1单元605', 118.17, 88.97, 1, 'NORMAL', 1, 'admin', '2026-05-11 01:07:52', 'admin', '2026-05-11 01:07:52'),
  (100156, 100004, 100016, '1单元', 18, '1806', '1栋1单元1806', 79.01, 63.61, 1, 'NORMAL', 1, 'admin', '2026-05-11 01:07:52', 'admin', '2026-05-11 01:07:52'),
  (100157, 100004, 100016, '1单元', 8, '807', '1栋1单元807', 115.37, 87.88, 1, 'NORMAL', 1, 'admin', '2026-05-11 01:07:52', 'admin', '2026-05-11 01:07:52'),
  (100158, 100004, 100016, '1单元', 18, '1808', '1栋1单元1808', 95.02, 77.97, 1, 'NORMAL', 1, 'admin', '2026-05-11 01:07:52', 'admin', '2026-05-11 01:07:52'),
  (100159, 100004, 100016, '1单元', 14, '1409', '1栋1单元1409', 89.25, 71.86, 1, 'DECORATING', 1, 'admin', '2026-05-11 01:07:52', 'admin', '2026-05-11 01:07:52'),
  (100160, 100004, 100016, '1单元', 15, '1510', '1栋1单元1510', 149.56, 114.21, 1, 'NORMAL', 1, 'admin', '2026-05-11 01:07:52', 'admin', '2026-05-11 01:07:52'),
  (100161, 100004, 100017, NULL, 3, '301', '2栋301', 172.11, 137.82, 1, 'NORMAL', 1, 'admin', '2026-05-11 01:07:52', 'admin', '2026-05-11 01:07:52'),
  (100162, 100004, 100017, NULL, 3, '302', '2栋302', 160.5, 129.68, 1, 'VACANT', 1, 'admin', '2026-05-11 01:07:52', 'admin', '2026-05-11 01:07:52'),
  (100163, 100004, 100017, NULL, 4, '403', '2栋403', 124.63, 97.77, 1, 'NORMAL', 1, 'admin', '2026-05-11 01:07:52', 'admin', '2026-05-11 01:07:52'),
  (100164, 100004, 100017, NULL, 4, '404', '2栋404', 171.94, 143.91, 4, 'NORMAL', 1, 'admin', '2026-05-11 01:07:52', 'admin', '2026-05-11 01:07:52'),
  (100165, 100004, 100017, NULL, 4, '405', '2栋405', 88.03, 72.85, 1, 'NORMAL', 1, 'admin', '2026-05-11 01:07:52', 'admin', '2026-05-11 01:07:52'),
  (100166, 100004, 100017, NULL, 18, '1806', '2栋1806', 169.61, 133.67, 4, 'NORMAL', 1, 'admin', '2026-05-11 01:07:52', 'admin', '2026-05-11 01:07:52'),
  (100167, 100004, 100017, NULL, 17, '1707', '2栋1707', 177.7, 142.08, 1, 'NORMAL', 1, 'admin', '2026-05-11 01:07:52', 'admin', '2026-05-11 01:07:52'),
  (100168, 100004, 100017, NULL, 16, '1608', '2栋1608', 99.84, 75.88, 1, 'NORMAL', 1, 'admin', '2026-05-11 01:07:52', 'admin', '2026-05-11 01:07:52'),
  (100169, 100004, 100017, NULL, 14, '1409', '2栋1409', 61.84, 47.27, 2, 'DECORATING', 1, 'admin', '2026-05-11 01:07:52', 'admin', '2026-05-11 01:07:52'),
  (100170, 100004, 100017, NULL, 8, '810', '2栋810', 116.34, 98.53, 1, 'NORMAL', 1, 'admin', '2026-05-11 01:07:52', 'admin', '2026-05-11 01:07:52'),
  (100171, 100004, 100018, '1单元', 3, '301', '3栋1单元301', 162.28, 135.66, 1, 'NORMAL', 1, 'admin', '2026-05-11 01:07:52', 'admin', '2026-05-11 01:07:52'),
  (100172, 100004, 100018, '1单元', 6, '602', '3栋1单元602', 166.49, 132.99, 1, 'NORMAL', 1, 'admin', '2026-05-11 01:07:52', 'admin', '2026-05-11 01:07:52'),
  (100173, 100004, 100018, '1单元', 2, '203', '3栋1单元203', 135.74, 114.31, 4, 'NORMAL', 1, 'admin', '2026-05-11 01:07:52', 'admin', '2026-05-11 01:07:52'),
  (100174, 100004, 100018, '1单元', 4, '404', '3栋1单元404', 177.4, 146.54, 1, 'NORMAL', 1, 'admin', '2026-05-11 01:07:52', 'admin', '2026-05-11 01:07:52'),
  (100175, 100004, 100018, '1单元', 2, '205', '3栋1单元205', 143.28, 120.4, 1, 'NORMAL', 1, 'admin', '2026-05-11 01:07:52', 'admin', '2026-05-11 01:07:52'),
  (100176, 100004, 100018, '1单元', 11, '1106', '3栋1单元1106', 103.02, 81.7, 1, 'NORMAL', 1, 'admin', '2026-05-11 01:07:52', 'admin', '2026-05-11 01:07:52'),
  (100177, 100004, 100018, '1单元', 17, '1707', '3栋1单元1707', 155.1, 118.96, 1, 'VACANT', 1, 'admin', '2026-05-11 01:07:52', 'admin', '2026-05-11 01:07:52'),
  (100178, 100004, 100018, '1单元', 16, '1608', '3栋1单元1608', 141.98, 113.55, 1, 'NORMAL', 1, 'admin', '2026-05-11 01:07:52', 'admin', '2026-05-11 01:07:52'),
  (100179, 100004, 100018, '1单元', 17, '1709', '3栋1单元1709', 90.48, 70.17, 1, 'VACANT', 1, 'admin', '2026-05-11 01:07:52', 'admin', '2026-05-11 01:07:52'),
  (100180, 100004, 100018, '1单元', 11, '1110', '3栋1单元1110', 141.31, 108.21, 1, 'NORMAL', 1, 'admin', '2026-05-11 01:07:52', 'admin', '2026-05-11 01:07:52'),
  (100181, 100004, 100019, NULL, 6, '601', '4栋601', 175.44, 143.69, 1, 'NORMAL', 1, 'admin', '2026-05-11 01:07:52', 'admin', '2026-05-11 01:07:52'),
  (100182, 100004, 100019, NULL, 4, '402', '4栋402', 162.4, 123.53, 1, 'NORMAL', 1, 'admin', '2026-05-11 01:07:52', 'admin', '2026-05-11 01:07:52'),
  (100183, 100004, 100019, NULL, 3, '303', '4栋303', 179.12, 139.63, 4, 'NORMAL', 1, 'admin', '2026-05-11 01:07:52', 'admin', '2026-05-11 01:07:52'),
  (100184, 100004, 100019, NULL, 3, '304', '4栋304', 60.97, 51.0, 1, 'DECORATING', 1, 'admin', '2026-05-11 01:07:52', 'admin', '2026-05-11 01:07:52'),
  (100185, 100004, 100019, NULL, 5, '505', '4栋505', 149.42, 124.51, 3, 'NORMAL', 1, 'admin', '2026-05-11 01:07:52', 'admin', '2026-05-11 01:07:52'),
  (100186, 100004, 100019, NULL, 10, '1006', '4栋1006', 132.85, 104.32, 1, 'NORMAL', 1, 'admin', '2026-05-11 01:07:52', 'admin', '2026-05-11 01:07:52'),
  (100187, 100004, 100019, NULL, 17, '1707', '4栋1707', 150.67, 124.57, 1, 'NORMAL', 1, 'admin', '2026-05-11 01:07:52', 'admin', '2026-05-11 01:07:52'),
  (100188, 100004, 100019, NULL, 8, '808', '4栋808', 168.41, 137.19, 1, 'NORMAL', 1, 'admin', '2026-05-11 01:07:52', 'admin', '2026-05-11 01:07:52'),
  (100189, 100004, 100019, NULL, 16, '1609', '4栋1609', 103.78, 79.2, 3, 'NORMAL', 1, 'admin', '2026-05-11 01:07:52', 'admin', '2026-05-11 01:07:52'),
  (100190, 100004, 100019, NULL, 13, '1310', '4栋1310', 81.08, 61.88, 1, 'DECORATING', 1, 'admin', '2026-05-11 01:07:52', 'admin', '2026-05-11 01:07:52'),
  (100191, 100004, 100020, NULL, 2, '201', '5栋201', 90.84, 75.62, 1, 'VACANT', 1, 'admin', '2026-05-11 01:07:52', 'admin', '2026-05-11 01:07:52'),
  (100192, 100004, 100020, NULL, 6, '602', '5栋602', 164.45, 136.56, 1, 'NORMAL', 1, 'admin', '2026-05-11 01:07:52', 'admin', '2026-05-11 01:07:52'),
  (100193, 100004, 100020, NULL, 2, '203', '5栋203', 163.22, 134.24, 4, 'DECORATING', 1, 'admin', '2026-05-11 01:07:52', 'admin', '2026-05-11 01:07:52'),
  (100194, 100004, 100020, NULL, 5, '504', '5栋504', 103.89, 86.13, 1, 'NORMAL', 1, 'admin', '2026-05-11 01:07:52', 'admin', '2026-05-11 01:07:52'),
  (100195, 100004, 100020, NULL, 4, '405', '5栋405', 104.23, 85.98, 1, 'NORMAL', 1, 'admin', '2026-05-11 01:07:52', 'admin', '2026-05-11 01:07:52'),
  (100196, 100004, 100020, NULL, 17, '1706', '5栋1706', 172.84, 131.5, 1, 'NORMAL', 1, 'admin', '2026-05-11 01:07:52', 'admin', '2026-05-11 01:07:52'),
  (100197, 100004, 100020, NULL, 15, '1507', '5栋1507', 99.36, 80.58, 1, 'NORMAL', 1, 'admin', '2026-05-11 01:07:52', 'admin', '2026-05-11 01:07:52'),
  (100198, 100004, 100020, NULL, 14, '1408', '5栋1408', 169.13, 131.96, 1, 'NORMAL', 1, 'admin', '2026-05-11 01:07:52', 'admin', '2026-05-11 01:07:52'),
  (100199, 100004, 100020, NULL, 7, '709', '5栋709', 96.52, 77.14, 1, 'VACANT', 1, 'admin', '2026-05-11 01:07:52', 'admin', '2026-05-11 01:07:52'),
  (100200, 100004, 100020, NULL, 9, '910', '5栋910', 106.64, 83.94, 3, 'NORMAL', 1, 'admin', '2026-05-11 01:07:52', 'admin', '2026-05-11 01:07:52'),
  (100201, 100005, 100021, NULL, 5, '501', '1栋501', 149.07, 114.11, 1, 'NORMAL', 1, 'admin', '2026-05-11 01:07:52', 'admin', '2026-05-11 01:07:52'),
  (100202, 100005, 100021, NULL, 4, '402', '1栋402', 133.88, 112.98, 1, 'NORMAL', 1, 'admin', '2026-05-11 01:07:52', 'admin', '2026-05-11 01:07:52'),
  (100203, 100005, 100021, NULL, 2, '203', '1栋203', 113.21, 95.67, 2, 'NORMAL', 1, 'admin', '2026-05-11 01:07:52', 'admin', '2026-05-11 01:07:52'),
  (100204, 100005, 100021, NULL, 6, '604', '1栋604', 104.08, 87.44, 1, 'NORMAL', 1, 'admin', '2026-05-11 01:07:52', 'admin', '2026-05-11 01:07:52'),
  (100205, 100005, 100021, NULL, 3, '305', '1栋305', 82.78, 63.1, 1, 'NORMAL', 1, 'admin', '2026-05-11 01:07:52', 'admin', '2026-05-11 01:07:52'),
  (100206, 100005, 100021, NULL, 17, '1706', '1栋1706', 85.45, 69.55, 4, 'NORMAL', 1, 'admin', '2026-05-11 01:07:52', 'admin', '2026-05-11 01:07:52'),
  (100207, 100005, 100021, NULL, 12, '1207', '1栋1207', 89.23, 68.05, 1, 'NORMAL', 1, 'admin', '2026-05-11 01:07:52', 'admin', '2026-05-11 01:07:52'),
  (100208, 100005, 100021, NULL, 15, '1508', '1栋1508', 84.86, 65.48, 2, 'NORMAL', 1, 'admin', '2026-05-11 01:07:52', 'admin', '2026-05-11 01:07:52'),
  (100209, 100005, 100021, NULL, 9, '909', '1栋909', 154.64, 125.2, 1, 'DECORATING', 1, 'admin', '2026-05-11 01:07:52', 'admin', '2026-05-11 01:07:52'),
  (100210, 100005, 100021, NULL, 9, '910', '1栋910', 124.83, 103.59, 1, 'VACANT', 1, 'admin', '2026-05-11 01:07:52', 'admin', '2026-05-11 01:07:52'),
  (100211, 100005, 100022, '2单元', 1, '101', '2栋2单元101', 102.99, 85.36, 1, 'NORMAL', 1, 'admin', '2026-05-11 01:07:52', 'admin', '2026-05-11 01:07:52'),
  (100212, 100005, 100022, '2单元', 3, '302', '2栋2单元302', 66.29, 54.63, 1, 'NORMAL', 1, 'admin', '2026-05-11 01:07:52', 'admin', '2026-05-11 01:07:52'),
  (100213, 100005, 100022, '2单元', 4, '403', '2栋2单元403', 113.79, 89.46, 1, 'NORMAL', 1, 'admin', '2026-05-11 01:07:52', 'admin', '2026-05-11 01:07:52'),
  (100214, 100005, 100022, '2单元', 2, '204', '2栋2单元204', 173.45, 130.84, 1, 'VACANT', 1, 'admin', '2026-05-11 01:07:52', 'admin', '2026-05-11 01:07:52'),
  (100215, 100005, 100022, '2单元', 5, '505', '2栋2单元505', 96.2, 78.34, 1, 'DECORATING', 1, 'admin', '2026-05-11 01:07:52', 'admin', '2026-05-11 01:07:52'),
  (100216, 100005, 100022, '2单元', 13, '1306', '2栋2单元1306', 111.15, 84.56, 1, 'NORMAL', 1, 'admin', '2026-05-11 01:07:52', 'admin', '2026-05-11 01:07:52'),
  (100217, 100005, 100022, '2单元', 8, '807', '2栋2单元807', 98.65, 75.45, 1, 'NORMAL', 1, 'admin', '2026-05-11 01:07:52', 'admin', '2026-05-11 01:07:52'),
  (100218, 100005, 100022, '2单元', 16, '1608', '2栋2单元1608', 125.8, 98.44, 4, 'NORMAL', 1, 'admin', '2026-05-11 01:07:52', 'admin', '2026-05-11 01:07:52'),
  (100219, 100005, 100022, '2单元', 14, '1409', '2栋2单元1409', 120.67, 95.69, 1, 'NORMAL', 1, 'admin', '2026-05-11 01:07:52', 'admin', '2026-05-11 01:07:52'),
  (100220, 100005, 100022, '2单元', 17, '1710', '2栋2单元1710', 138.11, 114.2, 1, 'NORMAL', 1, 'admin', '2026-05-11 01:07:52', 'admin', '2026-05-11 01:07:52'),
  (100221, 100005, 100023, NULL, 2, '201', '3栋201', 109.66, 91.32, 1, 'NORMAL', 1, 'admin', '2026-05-11 01:07:52', 'admin', '2026-05-11 01:07:52'),
  (100222, 100005, 100023, NULL, 3, '302', '3栋302', 111.21, 90.8, 1, 'NORMAL', 1, 'admin', '2026-05-11 01:07:52', 'admin', '2026-05-11 01:07:52'),
  (100223, 100005, 100023, NULL, 4, '403', '3栋403', 68.06, 56.71, 1, 'NORMAL', 1, 'admin', '2026-05-11 01:07:52', 'admin', '2026-05-11 01:07:52'),
  (100224, 100005, 100023, NULL, 6, '604', '3栋604', 104.72, 79.9, 1, 'DECORATING', 1, 'admin', '2026-05-11 01:07:52', 'admin', '2026-05-11 01:07:52'),
  (100225, 100005, 100023, NULL, 5, '505', '3栋505', 99.56, 75.89, 1, 'NORMAL', 1, 'admin', '2026-05-11 01:07:52', 'admin', '2026-05-11 01:07:52'),
  (100226, 100005, 100023, NULL, 13, '1306', '3栋1306', 164.17, 134.97, 4, 'NORMAL', 1, 'admin', '2026-05-11 01:07:52', 'admin', '2026-05-11 01:07:52'),
  (100227, 100005, 100023, NULL, 12, '1207', '3栋1207', 72.43, 58.0, 1, 'NORMAL', 1, 'admin', '2026-05-11 01:07:52', 'admin', '2026-05-11 01:07:52'),
  (100228, 100005, 100023, NULL, 8, '808', '3栋808', 102.01, 82.18, 1, 'NORMAL', 1, 'admin', '2026-05-11 01:07:52', 'admin', '2026-05-11 01:07:52'),
  (100229, 100005, 100023, NULL, 10, '1009', '3栋1009', 156.87, 130.91, 4, 'VACANT', 1, 'admin', '2026-05-11 01:07:52', 'admin', '2026-05-11 01:07:52'),
  (100230, 100005, 100023, NULL, 16, '1610', '3栋1610', 141.0, 113.6, 1, 'NORMAL', 1, 'admin', '2026-05-11 01:07:52', 'admin', '2026-05-11 01:07:52'),
  (100231, 100005, 100024, NULL, 1, '101', '4栋101', 81.65, 66.98, 1, 'NORMAL', 1, 'admin', '2026-05-11 01:07:52', 'admin', '2026-05-11 01:07:52'),
  (100232, 100005, 100024, NULL, 1, '102', '4栋102', 81.77, 62.5, 1, 'NORMAL', 1, 'admin', '2026-05-11 01:07:52', 'admin', '2026-05-11 01:07:52'),
  (100233, 100005, 100024, NULL, 6, '603', '4栋603', 135.98, 102.4, 1, 'NORMAL', 1, 'admin', '2026-05-11 01:07:52', 'admin', '2026-05-11 01:07:52'),
  (100234, 100005, 100024, NULL, 4, '404', '4栋404', 114.44, 87.63, 1, 'NORMAL', 1, 'admin', '2026-05-11 01:07:52', 'admin', '2026-05-11 01:07:52'),
  (100235, 100005, 100024, NULL, 5, '505', '4栋505', 131.55, 110.28, 1, 'NORMAL', 1, 'admin', '2026-05-11 01:07:52', 'admin', '2026-05-11 01:07:52'),
  (100236, 100005, 100024, NULL, 7, '706', '4栋706', 140.88, 109.49, 1, 'NORMAL', 1, 'admin', '2026-05-11 01:07:52', 'admin', '2026-05-11 01:07:52'),
  (100237, 100005, 100024, NULL, 14, '1407', '4栋1407', 109.7, 84.64, 1, 'NORMAL', 1, 'admin', '2026-05-11 01:07:52', 'admin', '2026-05-11 01:07:52'),
  (100238, 100005, 100024, NULL, 8, '808', '4栋808', 93.99, 76.87, 1, 'NORMAL', 1, 'admin', '2026-05-11 01:07:52', 'admin', '2026-05-11 01:07:52'),
  (100239, 100005, 100024, NULL, 7, '709', '4栋709', 86.46, 73.36, 1, 'NORMAL', 1, 'admin', '2026-05-11 01:07:52', 'admin', '2026-05-11 01:07:52'),
  (100240, 100005, 100024, NULL, 10, '1010', '4栋1010', 152.08, 125.68, 1, 'NORMAL', 1, 'admin', '2026-05-11 01:07:52', 'admin', '2026-05-11 01:07:52'),
  (100241, 100005, 100025, NULL, 6, '601', '5栋601', 111.68, 85.2, 1, 'NORMAL', 1, 'admin', '2026-05-11 01:07:52', 'admin', '2026-05-11 01:07:52'),
  (100242, 100005, 100025, NULL, 5, '502', '5栋502', 160.0, 132.9, 1, 'VACANT', 1, 'admin', '2026-05-11 01:07:52', 'admin', '2026-05-11 01:07:52'),
  (100243, 100005, 100025, NULL, 1, '103', '5栋103', 112.35, 89.43, 1, 'NORMAL', 1, 'admin', '2026-05-11 01:07:52', 'admin', '2026-05-11 01:07:52'),
  (100244, 100005, 100025, NULL, 4, '404', '5栋404', 128.81, 105.75, 1, 'NORMAL', 1, 'admin', '2026-05-11 01:07:52', 'admin', '2026-05-11 01:07:52'),
  (100245, 100005, 100025, NULL, 1, '105', '5栋105', 175.94, 134.98, 3, 'NORMAL', 1, 'admin', '2026-05-11 01:07:52', 'admin', '2026-05-11 01:07:52'),
  (100246, 100005, 100025, NULL, 18, '1806', '5栋1806', 170.37, 129.28, 1, 'NORMAL', 1, 'admin', '2026-05-11 01:07:52', 'admin', '2026-05-11 01:07:52'),
  (100247, 100005, 100025, NULL, 16, '1607', '5栋1607', 108.05, 81.89, 2, 'NORMAL', 1, 'admin', '2026-05-11 01:07:52', 'admin', '2026-05-11 01:07:52'),
  (100248, 100005, 100025, NULL, 10, '1008', '5栋1008', 99.97, 76.66, 1, 'NORMAL', 1, 'admin', '2026-05-11 01:07:52', 'admin', '2026-05-11 01:07:52'),
  (100249, 100005, 100025, NULL, 15, '1509', '5栋1509', 83.27, 68.92, 1, 'DECORATING', 1, 'admin', '2026-05-11 01:07:52', 'admin', '2026-05-11 01:07:52'),
  (100250, 100005, 100025, NULL, 17, '1710', '5栋1710', 157.8, 122.08, 1, 'NORMAL', 1, 'admin', '2026-05-11 01:07:52', 'admin', '2026-05-11 01:07:52'),
  (100251, 100006, 100026, '2单元', 6, '601', '1栋2单元601', 69.04, 58.35, 1, 'NORMAL', 1, 'admin', '2026-05-11 01:07:52', 'admin', '2026-05-11 01:07:52'),
  (100252, 100006, 100026, '2单元', 5, '502', '1栋2单元502', 151.19, 120.18, 3, 'NORMAL', 1, 'admin', '2026-05-11 01:07:52', 'admin', '2026-05-11 01:07:52'),
  (100253, 100006, 100026, '2单元', 6, '603', '1栋2单元603', 178.38, 139.55, 4, 'NORMAL', 1, 'admin', '2026-05-11 01:07:52', 'admin', '2026-05-11 01:07:52'),
  (100254, 100006, 100026, '2单元', 4, '404', '1栋2单元404', 68.19, 54.16, 1, 'NORMAL', 1, 'admin', '2026-05-11 01:07:52', 'admin', '2026-05-11 01:07:52'),
  (100255, 100006, 100026, '2单元', 1, '105', '1栋2单元105', 102.23, 77.43, 1, 'NORMAL', 1, 'admin', '2026-05-11 01:07:52', 'admin', '2026-05-11 01:07:52'),
  (100256, 100006, 100026, '2单元', 12, '1206', '1栋2单元1206', 159.8, 121.08, 2, 'VACANT', 1, 'admin', '2026-05-11 01:07:52', 'admin', '2026-05-11 01:07:52'),
  (100257, 100006, 100026, '2单元', 16, '1607', '1栋2单元1607', 131.29, 103.52, 1, 'DECORATING', 1, 'admin', '2026-05-11 01:07:52', 'admin', '2026-05-11 01:07:52'),
  (100258, 100006, 100026, '2单元', 18, '1808', '1栋2单元1808', 167.51, 133.17, 1, 'NORMAL', 1, 'admin', '2026-05-11 01:07:52', 'admin', '2026-05-11 01:07:52'),
  (100259, 100006, 100026, '2单元', 12, '1209', '1栋2单元1209', 132.6, 106.1, 4, 'NORMAL', 1, 'admin', '2026-05-11 01:07:52', 'admin', '2026-05-11 01:07:52'),
  (100260, 100006, 100026, '2单元', 12, '1210', '1栋2单元1210', 177.89, 134.92, 1, 'NORMAL', 1, 'admin', '2026-05-11 01:07:52', 'admin', '2026-05-11 01:07:52'),
  (100261, 100006, 100027, NULL, 4, '401', '2栋401', 122.89, 99.66, 1, 'DECORATING', 1, 'admin', '2026-05-11 01:07:52', 'admin', '2026-05-11 01:07:52'),
  (100262, 100006, 100027, NULL, 4, '402', '2栋402', 109.05, 85.48, 1, 'NORMAL', 1, 'admin', '2026-05-11 01:07:52', 'admin', '2026-05-11 01:07:52'),
  (100263, 100006, 100027, NULL, 6, '603', '2栋603', 100.16, 78.42, 1, 'NORMAL', 1, 'admin', '2026-05-11 01:07:52', 'admin', '2026-05-11 01:07:52'),
  (100264, 100006, 100027, NULL, 3, '304', '2栋304', 146.85, 119.78, 3, 'VACANT', 1, 'admin', '2026-05-11 01:07:52', 'admin', '2026-05-11 01:07:52'),
  (100265, 100006, 100027, NULL, 3, '305', '2栋305', 69.78, 56.97, 3, 'NORMAL', 1, 'admin', '2026-05-11 01:07:52', 'admin', '2026-05-11 01:07:52'),
  (100266, 100006, 100027, NULL, 17, '1706', '2栋1706', 143.82, 113.5, 1, 'DECORATING', 1, 'admin', '2026-05-11 01:07:52', 'admin', '2026-05-11 01:07:52'),
  (100267, 100006, 100027, NULL, 11, '1107', '2栋1107', 127.07, 103.48, 1, 'NORMAL', 1, 'admin', '2026-05-11 01:07:52', 'admin', '2026-05-11 01:07:52'),
  (100268, 100006, 100027, NULL, 18, '1808', '2栋1808', 159.48, 131.39, 1, 'NORMAL', 1, 'admin', '2026-05-11 01:07:52', 'admin', '2026-05-11 01:07:52'),
  (100269, 100006, 100027, NULL, 17, '1709', '2栋1709', 140.45, 112.48, 1, 'NORMAL', 1, 'admin', '2026-05-11 01:07:52', 'admin', '2026-05-11 01:07:52'),
  (100270, 100006, 100027, NULL, 10, '1010', '2栋1010', 101.01, 83.5, 1, 'DECORATING', 1, 'admin', '2026-05-11 01:07:52', 'admin', '2026-05-11 01:07:52'),
  (100271, 100006, 100028, '2单元', 1, '101', '3栋2单元101', 95.5, 79.15, 1, 'NORMAL', 1, 'admin', '2026-05-11 01:07:52', 'admin', '2026-05-11 01:07:52'),
  (100272, 100006, 100028, '2单元', 6, '602', '3栋2单元602', 166.04, 125.16, 1, 'NORMAL', 1, 'admin', '2026-05-11 01:07:52', 'admin', '2026-05-11 01:07:52'),
  (100273, 100006, 100028, '2单元', 2, '203', '3栋2单元203', 131.67, 100.78, 1, 'NORMAL', 1, 'admin', '2026-05-11 01:07:52', 'admin', '2026-05-11 01:07:52'),
  (100274, 100006, 100028, '2单元', 5, '504', '3栋2单元504', 157.09, 120.42, 1, 'NORMAL', 1, 'admin', '2026-05-11 01:07:52', 'admin', '2026-05-11 01:07:52'),
  (100275, 100006, 100028, '2单元', 6, '605', '3栋2单元605', 146.35, 123.95, 1, 'NORMAL', 1, 'admin', '2026-05-11 01:07:52', 'admin', '2026-05-11 01:07:52'),
  (100276, 100006, 100028, '2单元', 14, '1406', '3栋2单元1406', 88.08, 68.17, 4, 'NORMAL', 1, 'admin', '2026-05-11 01:07:52', 'admin', '2026-05-11 01:07:52'),
  (100277, 100006, 100028, '2单元', 10, '1007', '3栋2单元1007', 104.14, 87.97, 4, 'NORMAL', 1, 'admin', '2026-05-11 01:07:52', 'admin', '2026-05-11 01:07:52'),
  (100278, 100006, 100028, '2单元', 11, '1108', '3栋2单元1108', 153.37, 122.74, 1, 'NORMAL', 1, 'admin', '2026-05-11 01:07:52', 'admin', '2026-05-11 01:07:52'),
  (100279, 100006, 100028, '2单元', 10, '1009', '3栋2单元1009', 156.15, 119.27, 1, 'NORMAL', 1, 'admin', '2026-05-11 01:07:52', 'admin', '2026-05-11 01:07:52'),
  (100280, 100006, 100028, '2单元', 12, '1210', '3栋2单元1210', 126.54, 96.2, 1, 'VACANT', 1, 'admin', '2026-05-11 01:07:52', 'admin', '2026-05-11 01:07:52'),
  (100281, 100006, 100029, NULL, 1, '101', '4栋101', 151.57, 117.81, 3, 'NORMAL', 1, 'admin', '2026-05-11 01:07:52', 'admin', '2026-05-11 01:07:52'),
  (100282, 100006, 100029, NULL, 4, '402', '4栋402', 71.01, 59.72, 1, 'VACANT', 1, 'admin', '2026-05-11 01:07:52', 'admin', '2026-05-11 01:07:52'),
  (100283, 100006, 100029, NULL, 1, '103', '4栋103', 109.79, 86.7, 1, 'NORMAL', 1, 'admin', '2026-05-11 01:07:52', 'admin', '2026-05-11 01:07:52'),
  (100284, 100006, 100029, NULL, 1, '104', '4栋104', 104.99, 79.04, 3, 'VACANT', 1, 'admin', '2026-05-11 01:07:52', 'admin', '2026-05-11 01:07:52'),
  (100285, 100006, 100029, NULL, 6, '605', '4栋605', 100.23, 76.64, 1, 'DECORATING', 1, 'admin', '2026-05-11 01:07:52', 'admin', '2026-05-11 01:07:52'),
  (100286, 100006, 100029, NULL, 14, '1406', '4栋1406', 143.53, 109.64, 1, 'NORMAL', 1, 'admin', '2026-05-11 01:07:52', 'admin', '2026-05-11 01:07:52'),
  (100287, 100006, 100029, NULL, 7, '707', '4栋707', 168.7, 126.85, 1, 'NORMAL', 1, 'admin', '2026-05-11 01:07:52', 'admin', '2026-05-11 01:07:52'),
  (100288, 100006, 100029, NULL, 18, '1808', '4栋1808', 133.07, 105.43, 1, 'NORMAL', 1, 'admin', '2026-05-11 01:07:52', 'admin', '2026-05-11 01:07:52'),
  (100289, 100006, 100029, NULL, 8, '809', '4栋809', 65.73, 52.06, 1, 'NORMAL', 1, 'admin', '2026-05-11 01:07:52', 'admin', '2026-05-11 01:07:52'),
  (100290, 100006, 100029, NULL, 8, '810', '4栋810', 160.4, 128.32, 1, 'NORMAL', 1, 'admin', '2026-05-11 01:07:52', 'admin', '2026-05-11 01:07:52'),
  (100291, 100006, 100030, '2单元', 6, '601', '5栋2单元601', 77.23, 61.24, 1, 'NORMAL', 1, 'admin', '2026-05-11 01:07:52', 'admin', '2026-05-11 01:07:52'),
  (100292, 100006, 100030, '2单元', 4, '402', '5栋2单元402', 82.48, 67.37, 1, 'NORMAL', 1, 'admin', '2026-05-11 01:07:52', 'admin', '2026-05-11 01:07:52'),
  (100293, 100006, 100030, '2单元', 5, '503', '5栋2单元503', 125.29, 103.82, 1, 'NORMAL', 1, 'admin', '2026-05-11 01:07:52', 'admin', '2026-05-11 01:07:52'),
  (100294, 100006, 100030, '2单元', 4, '404', '5栋2单元404', 65.22, 51.44, 1, 'NORMAL', 1, 'admin', '2026-05-11 01:07:52', 'admin', '2026-05-11 01:07:52'),
  (100295, 100006, 100030, '2单元', 3, '305', '5栋2单元305', 154.62, 121.3, 1, 'NORMAL', 1, 'admin', '2026-05-11 01:07:52', 'admin', '2026-05-11 01:07:52'),
  (100296, 100006, 100030, '2单元', 16, '1606', '5栋2单元1606', 148.22, 116.09, 1, 'NORMAL', 1, 'admin', '2026-05-11 01:07:52', 'admin', '2026-05-11 01:07:52'),
  (100297, 100006, 100030, '2单元', 17, '1707', '5栋2单元1707', 81.01, 67.07, 1, 'NORMAL', 1, 'admin', '2026-05-11 01:07:52', 'admin', '2026-05-11 01:07:52'),
  (100298, 100006, 100030, '2单元', 17, '1708', '5栋2单元1708', 81.87, 62.51, 1, 'DECORATING', 1, 'admin', '2026-05-11 01:07:52', 'admin', '2026-05-11 01:07:52'),
  (100299, 100006, 100030, '2单元', 7, '709', '5栋2单元709', 95.21, 71.82, 1, 'NORMAL', 1, 'admin', '2026-05-11 01:07:52', 'admin', '2026-05-11 01:07:52'),
  (100300, 100006, 100030, '2单元', 11, '1110', '5栋2单元1110', 121.85, 103.44, 1, 'NORMAL', 1, 'admin', '2026-05-11 01:07:52', 'admin', '2026-05-11 01:07:52'),
  (100301, 100007, 100031, '2单元', 3, '301', '1栋2单元301', 102.84, 85.16, 2, 'NORMAL', 1, 'admin', '2026-05-11 01:07:52', 'admin', '2026-05-11 01:07:52'),
  (100302, 100007, 100031, '2单元', 1, '102', '1栋2单元102', 155.92, 123.75, 1, 'NORMAL', 1, 'admin', '2026-05-11 01:07:52', 'admin', '2026-05-11 01:07:52'),
  (100303, 100007, 100031, '2单元', 4, '403', '1栋2单元403', 100.68, 77.39, 1, 'NORMAL', 1, 'admin', '2026-05-11 01:07:52', 'admin', '2026-05-11 01:07:52'),
  (100304, 100007, 100031, '2单元', 5, '504', '1栋2单元504', 92.01, 69.77, 1, 'NORMAL', 1, 'admin', '2026-05-11 01:07:52', 'admin', '2026-05-11 01:07:52'),
  (100305, 100007, 100031, '2单元', 2, '205', '1栋2单元205', 125.46, 98.12, 1, 'NORMAL', 1, 'admin', '2026-05-11 01:07:52', 'admin', '2026-05-11 01:07:52'),
  (100306, 100007, 100031, '2单元', 11, '1106', '1栋2单元1106', 113.51, 93.28, 1, 'NORMAL', 1, 'admin', '2026-05-11 01:07:52', 'admin', '2026-05-11 01:07:52'),
  (100307, 100007, 100031, '2单元', 14, '1407', '1栋2单元1407', 65.08, 54.47, 1, 'DECORATING', 1, 'admin', '2026-05-11 01:07:52', 'admin', '2026-05-11 01:07:52'),
  (100308, 100007, 100031, '2单元', 11, '1108', '1栋2单元1108', 136.74, 113.38, 1, 'NORMAL', 1, 'admin', '2026-05-11 01:07:52', 'admin', '2026-05-11 01:07:52'),
  (100309, 100007, 100031, '2单元', 13, '1309', '1栋2单元1309', 103.6, 86.0, 1, 'DECORATING', 1, 'admin', '2026-05-11 01:07:52', 'admin', '2026-05-11 01:07:52'),
  (100310, 100007, 100031, '2单元', 9, '910', '1栋2单元910', 161.84, 132.35, 1, 'NORMAL', 1, 'admin', '2026-05-11 01:07:52', 'admin', '2026-05-11 01:07:52'),
  (100311, 100007, 100032, '2单元', 6, '601', '2栋2单元601', 103.96, 81.95, 1, 'NORMAL', 1, 'admin', '2026-05-11 01:07:52', 'admin', '2026-05-11 01:07:52'),
  (100312, 100007, 100032, '2单元', 6, '602', '2栋2单元602', 113.99, 89.72, 1, 'NORMAL', 1, 'admin', '2026-05-11 01:07:52', 'admin', '2026-05-11 01:07:52'),
  (100313, 100007, 100032, '2单元', 2, '203', '2栋2单元203', 123.54, 97.57, 1, 'NORMAL', 1, 'admin', '2026-05-11 01:07:52', 'admin', '2026-05-11 01:07:52'),
  (100314, 100007, 100032, '2单元', 1, '104', '2栋2单元104', 63.11, 48.51, 1, 'DECORATING', 1, 'admin', '2026-05-11 01:07:52', 'admin', '2026-05-11 01:07:52'),
  (100315, 100007, 100032, '2单元', 1, '105', '2栋2单元105', 91.41, 70.94, 1, 'DECORATING', 1, 'admin', '2026-05-11 01:07:52', 'admin', '2026-05-11 01:07:52'),
  (100316, 100007, 100032, '2单元', 11, '1106', '2栋2单元1106', 143.28, 121.77, 1, 'NORMAL', 1, 'admin', '2026-05-11 01:07:52', 'admin', '2026-05-11 01:07:52'),
  (100317, 100007, 100032, '2单元', 8, '807', '2栋2单元807', 114.25, 95.95, 1, 'NORMAL', 1, 'admin', '2026-05-11 01:07:52', 'admin', '2026-05-11 01:07:52'),
  (100318, 100007, 100032, '2单元', 17, '1708', '2栋2单元1708', 176.11, 149.46, 1, 'NORMAL', 1, 'admin', '2026-05-11 01:07:52', 'admin', '2026-05-11 01:07:52'),
  (100319, 100007, 100032, '2单元', 15, '1509', '2栋2单元1509', 125.06, 104.94, 2, 'NORMAL', 1, 'admin', '2026-05-11 01:07:52', 'admin', '2026-05-11 01:07:52'),
  (100320, 100007, 100032, '2单元', 18, '1810', '2栋2单元1810', 136.52, 113.23, 1, 'NORMAL', 1, 'admin', '2026-05-11 01:07:52', 'admin', '2026-05-11 01:07:52'),
  (100321, 100007, 100033, '2单元', 2, '201', '3栋2单元201', 88.41, 70.68, 1, 'NORMAL', 1, 'admin', '2026-05-11 01:07:52', 'admin', '2026-05-11 01:07:52'),
  (100322, 100007, 100033, '2单元', 4, '402', '3栋2单元402', 156.44, 125.96, 1, 'NORMAL', 1, 'admin', '2026-05-11 01:07:52', 'admin', '2026-05-11 01:07:52'),
  (100323, 100007, 100033, '2单元', 3, '303', '3栋2单元303', 107.78, 88.56, 1, 'NORMAL', 1, 'admin', '2026-05-11 01:07:52', 'admin', '2026-05-11 01:07:52'),
  (100324, 100007, 100033, '2单元', 4, '404', '3栋2单元404', 158.8, 120.27, 4, 'NORMAL', 1, 'admin', '2026-05-11 01:07:52', 'admin', '2026-05-11 01:07:52'),
  (100325, 100007, 100033, '2单元', 4, '405', '3栋2单元405', 115.9, 92.92, 1, 'VACANT', 1, 'admin', '2026-05-11 01:07:52', 'admin', '2026-05-11 01:07:52'),
  (100326, 100007, 100033, '2单元', 15, '1506', '3栋2单元1506', 136.78, 105.07, 4, 'NORMAL', 1, 'admin', '2026-05-11 01:07:52', 'admin', '2026-05-11 01:07:52'),
  (100327, 100007, 100033, '2单元', 7, '707', '3栋2单元707', 159.77, 128.11, 1, 'NORMAL', 1, 'admin', '2026-05-11 01:07:52', 'admin', '2026-05-11 01:07:52'),
  (100328, 100007, 100033, '2单元', 18, '1808', '3栋2单元1808', 87.06, 73.54, 1, 'NORMAL', 1, 'admin', '2026-05-11 01:07:52', 'admin', '2026-05-11 01:07:52'),
  (100329, 100007, 100033, '2单元', 8, '809', '3栋2单元809', 90.07, 73.27, 1, 'NORMAL', 1, 'admin', '2026-05-11 01:07:52', 'admin', '2026-05-11 01:07:52'),
  (100330, 100007, 100033, '2单元', 11, '1110', '3栋2单元1110', 133.73, 101.55, 1, 'NORMAL', 1, 'admin', '2026-05-11 01:07:52', 'admin', '2026-05-11 01:07:52'),
  (100331, 100007, 100034, '2单元', 2, '201', '4栋2单元201', 139.05, 114.31, 1, 'VACANT', 1, 'admin', '2026-05-11 01:07:52', 'admin', '2026-05-11 01:07:52'),
  (100332, 100007, 100034, '2单元', 5, '502', '4栋2单元502', 64.94, 54.31, 1, 'DECORATING', 1, 'admin', '2026-05-11 01:07:52', 'admin', '2026-05-11 01:07:52'),
  (100333, 100007, 100034, '2单元', 5, '503', '4栋2单元503', 91.76, 70.75, 1, 'NORMAL', 1, 'admin', '2026-05-11 01:07:52', 'admin', '2026-05-11 01:07:52'),
  (100334, 100007, 100034, '2单元', 1, '104', '4栋2单元104', 119.76, 97.33, 1, 'DECORATING', 1, 'admin', '2026-05-11 01:07:52', 'admin', '2026-05-11 01:07:52'),
  (100335, 100007, 100034, '2单元', 4, '405', '4栋2单元405', 89.39, 74.26, 1, 'NORMAL', 1, 'admin', '2026-05-11 01:07:52', 'admin', '2026-05-11 01:07:52'),
  (100336, 100007, 100034, '2单元', 18, '1806', '4栋2单元1806', 67.19, 53.35, 1, 'NORMAL', 1, 'admin', '2026-05-11 01:07:52', 'admin', '2026-05-11 01:07:52'),
  (100337, 100007, 100034, '2单元', 16, '1607', '4栋2单元1607', 77.24, 64.58, 1, 'DECORATING', 1, 'admin', '2026-05-11 01:07:52', 'admin', '2026-05-11 01:07:52'),
  (100338, 100007, 100034, '2单元', 12, '1208', '4栋2单元1208', 177.04, 135.1, 1, 'NORMAL', 1, 'admin', '2026-05-11 01:07:52', 'admin', '2026-05-11 01:07:52'),
  (100339, 100007, 100034, '2单元', 12, '1209', '4栋2单元1209', 89.01, 67.85, 1, 'NORMAL', 1, 'admin', '2026-05-11 01:07:52', 'admin', '2026-05-11 01:07:52'),
  (100340, 100007, 100034, '2单元', 7, '710', '4栋2单元710', 94.83, 74.77, 1, 'NORMAL', 1, 'admin', '2026-05-11 01:07:52', 'admin', '2026-05-11 01:07:52'),
  (100341, 100007, 100035, '2单元', 3, '301', '5栋2单元301', 172.05, 141.44, 1, 'NORMAL', 1, 'admin', '2026-05-11 01:07:52', 'admin', '2026-05-11 01:07:52'),
  (100342, 100007, 100035, '2单元', 5, '502', '5栋2单元502', 116.02, 97.21, 1, 'NORMAL', 1, 'admin', '2026-05-11 01:07:52', 'admin', '2026-05-11 01:07:52'),
  (100343, 100007, 100035, '2单元', 4, '403', '5栋2单元403', 120.65, 102.15, 1, 'NORMAL', 1, 'admin', '2026-05-11 01:07:52', 'admin', '2026-05-11 01:07:52'),
  (100344, 100007, 100035, '2单元', 1, '104', '5栋2单元104', 93.76, 75.92, 1, 'NORMAL', 1, 'admin', '2026-05-11 01:07:52', 'admin', '2026-05-11 01:07:52'),
  (100345, 100007, 100035, '2单元', 3, '305', '5栋2单元305', 124.4, 103.84, 1, 'VACANT', 1, 'admin', '2026-05-11 01:07:52', 'admin', '2026-05-11 01:07:52'),
  (100346, 100007, 100035, '2单元', 18, '1806', '5栋2单元1806', 103.89, 82.11, 1, 'NORMAL', 1, 'admin', '2026-05-11 01:07:52', 'admin', '2026-05-11 01:07:52'),
  (100347, 100007, 100035, '2单元', 15, '1507', '5栋2单元1507', 83.36, 67.13, 1, 'NORMAL', 1, 'admin', '2026-05-11 01:07:52', 'admin', '2026-05-11 01:07:52'),
  (100348, 100007, 100035, '2单元', 15, '1508', '5栋2单元1508', 93.57, 79.43, 1, 'NORMAL', 1, 'admin', '2026-05-11 01:07:52', 'admin', '2026-05-11 01:07:52'),
  (100349, 100007, 100035, '2单元', 8, '809', '5栋2单元809', 107.27, 88.98, 1, 'DECORATING', 1, 'admin', '2026-05-11 01:07:52', 'admin', '2026-05-11 01:07:52'),
  (100350, 100007, 100035, '2单元', 9, '910', '5栋2单元910', 83.89, 67.19, 1, 'NORMAL', 1, 'admin', '2026-05-11 01:07:52', 'admin', '2026-05-11 01:07:52'),
  (100351, 100008, 100036, '2单元', 6, '601', '1栋2单元601', 99.96, 79.71, 1, 'NORMAL', 1, 'admin', '2026-05-11 01:07:52', 'admin', '2026-05-11 01:07:52'),
  (100352, 100008, 100036, '2单元', 5, '502', '1栋2单元502', 76.77, 64.73, 1, 'NORMAL', 1, 'admin', '2026-05-11 01:07:52', 'admin', '2026-05-11 01:07:52'),
  (100353, 100008, 100036, '2单元', 5, '503', '1栋2单元503', 148.72, 115.99, 1, 'VACANT', 1, 'admin', '2026-05-11 01:07:52', 'admin', '2026-05-11 01:07:52'),
  (100354, 100008, 100036, '2单元', 5, '504', '1栋2单元504', 118.78, 95.77, 1, 'NORMAL', 1, 'admin', '2026-05-11 01:07:52', 'admin', '2026-05-11 01:07:52'),
  (100355, 100008, 100036, '2单元', 3, '305', '1栋2单元305', 140.86, 119.45, 1, 'NORMAL', 1, 'admin', '2026-05-11 01:07:52', 'admin', '2026-05-11 01:07:52'),
  (100356, 100008, 100036, '2单元', 18, '1806', '1栋2单元1806', 164.65, 133.85, 1, 'NORMAL', 1, 'admin', '2026-05-11 01:07:52', 'admin', '2026-05-11 01:07:52'),
  (100357, 100008, 100036, '2单元', 17, '1707', '1栋2单元1707', 153.95, 127.41, 1, 'NORMAL', 1, 'admin', '2026-05-11 01:07:52', 'admin', '2026-05-11 01:07:52'),
  (100358, 100008, 100036, '2单元', 16, '1608', '1栋2单元1608', 117.65, 94.41, 1, 'NORMAL', 1, 'admin', '2026-05-11 01:07:52', 'admin', '2026-05-11 01:07:52'),
  (100359, 100008, 100036, '2单元', 13, '1309', '1栋2单元1309', 77.73, 63.59, 1, 'DECORATING', 1, 'admin', '2026-05-11 01:07:52', 'admin', '2026-05-11 01:07:52'),
  (100360, 100008, 100036, '2单元', 8, '810', '1栋2单元810', 82.89, 65.82, 1, 'NORMAL', 1, 'admin', '2026-05-11 01:07:52', 'admin', '2026-05-11 01:07:52'),
  (100361, 100008, 100037, '2单元', 4, '401', '2栋2单元401', 120.22, 97.52, 1, 'VACANT', 1, 'admin', '2026-05-11 01:07:52', 'admin', '2026-05-11 01:07:52'),
  (100362, 100008, 100037, '2单元', 6, '602', '2栋2单元602', 67.47, 51.53, 1, 'NORMAL', 1, 'admin', '2026-05-11 01:07:52', 'admin', '2026-05-11 01:07:52'),
  (100363, 100008, 100037, '2单元', 6, '603', '2栋2单元603', 117.4, 92.47, 4, 'NORMAL', 1, 'admin', '2026-05-11 01:07:52', 'admin', '2026-05-11 01:07:52'),
  (100364, 100008, 100037, '2单元', 5, '504', '2栋2单元504', 101.08, 79.39, 1, 'NORMAL', 1, 'admin', '2026-05-11 01:07:52', 'admin', '2026-05-11 01:07:52'),
  (100365, 100008, 100037, '2单元', 6, '605', '2栋2单元605', 156.44, 121.47, 1, 'DECORATING', 1, 'admin', '2026-05-11 01:07:52', 'admin', '2026-05-11 01:07:52'),
  (100366, 100008, 100037, '2单元', 11, '1106', '2栋2单元1106', 126.97, 98.08, 4, 'NORMAL', 1, 'admin', '2026-05-11 01:07:52', 'admin', '2026-05-11 01:07:52'),
  (100367, 100008, 100037, '2单元', 11, '1107', '2栋2单元1107', 144.59, 118.42, 1, 'NORMAL', 1, 'admin', '2026-05-11 01:07:52', 'admin', '2026-05-11 01:07:52'),
  (100368, 100008, 100037, '2单元', 15, '1508', '2栋2单元1508', 172.04, 142.71, 1, 'NORMAL', 1, 'admin', '2026-05-11 01:07:52', 'admin', '2026-05-11 01:07:52'),
  (100369, 100008, 100037, '2单元', 17, '1709', '2栋2单元1709', 125.18, 105.1, 1, 'NORMAL', 1, 'admin', '2026-05-11 01:07:52', 'admin', '2026-05-11 01:07:52'),
  (100370, 100008, 100037, '2单元', 9, '910', '2栋2单元910', 94.85, 73.87, 1, 'NORMAL', 1, 'admin', '2026-05-11 01:07:52', 'admin', '2026-05-11 01:07:52'),
  (100371, 100008, 100038, NULL, 6, '601', '3栋601', 90.77, 72.43, 1, 'NORMAL', 1, 'admin', '2026-05-11 01:07:52', 'admin', '2026-05-11 01:07:52'),
  (100372, 100008, 100038, NULL, 5, '502', '3栋502', 143.54, 109.63, 1, 'NORMAL', 1, 'admin', '2026-05-11 01:07:52', 'admin', '2026-05-11 01:07:52'),
  (100373, 100008, 100038, NULL, 2, '203', '3栋203', 66.09, 55.55, 1, 'NORMAL', 1, 'admin', '2026-05-11 01:07:52', 'admin', '2026-05-11 01:07:52'),
  (100374, 100008, 100038, NULL, 1, '104', '3栋104', 109.6, 90.06, 1, 'NORMAL', 1, 'admin', '2026-05-11 01:07:52', 'admin', '2026-05-11 01:07:52'),
  (100375, 100008, 100038, NULL, 1, '105', '3栋105', 175.74, 148.99, 1, 'NORMAL', 1, 'admin', '2026-05-11 01:07:52', 'admin', '2026-05-11 01:07:52'),
  (100376, 100008, 100038, NULL, 14, '1406', '3栋1406', 117.29, 90.31, 4, 'NORMAL', 1, 'admin', '2026-05-11 01:07:52', 'admin', '2026-05-11 01:07:52'),
  (100377, 100008, 100038, NULL, 17, '1707', '3栋1707', 67.1, 55.48, 1, 'NORMAL', 1, 'admin', '2026-05-11 01:07:52', 'admin', '2026-05-11 01:07:52'),
  (100378, 100008, 100038, NULL, 18, '1808', '3栋1808', 146.77, 123.82, 3, 'NORMAL', 1, 'admin', '2026-05-11 01:07:52', 'admin', '2026-05-11 01:07:52'),
  (100379, 100008, 100038, NULL, 9, '909', '3栋909', 172.07, 129.68, 1, 'NORMAL', 1, 'admin', '2026-05-11 01:07:52', 'admin', '2026-05-11 01:07:52'),
  (100380, 100008, 100038, NULL, 9, '910', '3栋910', 172.39, 145.88, 3, 'VACANT', 1, 'admin', '2026-05-11 01:07:52', 'admin', '2026-05-11 01:07:52'),
  (100381, 100008, 100039, '1单元', 3, '301', '4栋1单元301', 128.16, 97.5, 4, 'NORMAL', 1, 'admin', '2026-05-11 01:07:52', 'admin', '2026-05-11 01:07:52'),
  (100382, 100008, 100039, '1单元', 6, '602', '4栋1单元602', 125.2, 100.08, 3, 'VACANT', 1, 'admin', '2026-05-11 01:07:52', 'admin', '2026-05-11 01:07:52'),
  (100383, 100008, 100039, '1单元', 4, '403', '4栋1单元403', 92.74, 77.06, 1, 'NORMAL', 1, 'admin', '2026-05-11 01:07:52', 'admin', '2026-05-11 01:07:52'),
  (100384, 100008, 100039, '1单元', 6, '604', '4栋1单元604', 90.87, 69.84, 1, 'NORMAL', 1, 'admin', '2026-05-11 01:07:52', 'admin', '2026-05-11 01:07:52'),
  (100385, 100008, 100039, '1单元', 5, '505', '4栋1单元505', 140.93, 108.42, 1, 'NORMAL', 1, 'admin', '2026-05-11 01:07:52', 'admin', '2026-05-11 01:07:52'),
  (100386, 100008, 100039, '1单元', 13, '1306', '4栋1单元1306', 159.24, 127.64, 1, 'NORMAL', 1, 'admin', '2026-05-11 01:07:52', 'admin', '2026-05-11 01:07:52'),
  (100387, 100008, 100039, '1单元', 9, '907', '4栋1单元907', 177.8, 141.84, 3, 'NORMAL', 1, 'admin', '2026-05-11 01:07:52', 'admin', '2026-05-11 01:07:52'),
  (100388, 100008, 100039, '1单元', 13, '1308', '4栋1单元1308', 88.26, 72.85, 4, 'NORMAL', 1, 'admin', '2026-05-11 01:07:52', 'admin', '2026-05-11 01:07:52'),
  (100389, 100008, 100039, '1单元', 18, '1809', '4栋1单元1809', 128.75, 99.93, 1, 'NORMAL', 1, 'admin', '2026-05-11 01:07:52', 'admin', '2026-05-11 01:07:52'),
  (100390, 100008, 100039, '1单元', 17, '1710', '4栋1单元1710', 74.19, 57.92, 1, 'NORMAL', 1, 'admin', '2026-05-11 01:07:52', 'admin', '2026-05-11 01:07:52'),
  (100391, 100008, 100040, NULL, 6, '601', '5栋601', 74.09, 62.36, 1, 'NORMAL', 1, 'admin', '2026-05-11 01:07:52', 'admin', '2026-05-11 01:07:52'),
  (100392, 100008, 100040, NULL, 2, '202', '5栋202', 174.88, 139.52, 1, 'DECORATING', 1, 'admin', '2026-05-11 01:07:52', 'admin', '2026-05-11 01:07:52'),
  (100393, 100008, 100040, NULL, 3, '303', '5栋303', 109.9, 88.46, 1, 'NORMAL', 1, 'admin', '2026-05-11 01:07:52', 'admin', '2026-05-11 01:07:52'),
  (100394, 100008, 100040, NULL, 6, '604', '5栋604', 159.07, 131.42, 1, 'NORMAL', 1, 'admin', '2026-05-11 01:07:52', 'admin', '2026-05-11 01:07:52'),
  (100395, 100008, 100040, NULL, 1, '105', '5栋105', 123.06, 98.79, 1, 'DECORATING', 1, 'admin', '2026-05-11 01:07:52', 'admin', '2026-05-11 01:07:52'),
  (100396, 100008, 100040, NULL, 8, '806', '5栋806', 67.41, 54.25, 1, 'NORMAL', 1, 'admin', '2026-05-11 01:07:52', 'admin', '2026-05-11 01:07:52'),
  (100397, 100008, 100040, NULL, 9, '907', '5栋907', 79.74, 66.62, 1, 'NORMAL', 1, 'admin', '2026-05-11 01:07:52', 'admin', '2026-05-11 01:07:52'),
  (100398, 100008, 100040, NULL, 18, '1808', '5栋1808', 129.98, 98.67, 1, 'VACANT', 1, 'admin', '2026-05-11 01:07:52', 'admin', '2026-05-11 01:07:52'),
  (100399, 100008, 100040, NULL, 14, '1409', '5栋1409', 75.83, 60.02, 1, 'NORMAL', 1, 'admin', '2026-05-11 01:07:52', 'admin', '2026-05-11 01:07:52'),
  (100400, 100008, 100040, NULL, 17, '1710', '5栋1710', 156.83, 128.97, 1, 'VACANT', 1, 'admin', '2026-05-11 01:07:52', 'admin', '2026-05-11 01:07:52'),
  (100401, 100009, 100041, '2单元', 5, '501', '1栋2单元501', 68.76, 54.48, 1, 'NORMAL', 1, 'admin', '2026-05-11 01:07:52', 'admin', '2026-05-11 01:07:52'),
  (100402, 100009, 100041, '2单元', 1, '102', '1栋2单元102', 172.15, 130.3, 3, 'NORMAL', 1, 'admin', '2026-05-11 01:07:52', 'admin', '2026-05-11 01:07:52'),
  (100403, 100009, 100041, '2单元', 4, '403', '1栋2单元403', 81.6, 62.31, 1, 'NORMAL', 1, 'admin', '2026-05-11 01:07:52', 'admin', '2026-05-11 01:07:52'),
  (100404, 100009, 100041, '2单元', 4, '404', '1栋2单元404', 104.94, 88.06, 1, 'DECORATING', 1, 'admin', '2026-05-11 01:07:52', 'admin', '2026-05-11 01:07:52'),
  (100405, 100009, 100041, '2单元', 4, '405', '1栋2单元405', 105.08, 85.98, 1, 'NORMAL', 1, 'admin', '2026-05-11 01:07:52', 'admin', '2026-05-11 01:07:52'),
  (100406, 100009, 100041, '2单元', 17, '1706', '1栋2单元1706', 163.23, 124.36, 4, 'NORMAL', 1, 'admin', '2026-05-11 01:07:52', 'admin', '2026-05-11 01:07:52'),
  (100407, 100009, 100041, '2单元', 9, '907', '1栋2单元907', 147.34, 113.79, 1, 'NORMAL', 1, 'admin', '2026-05-11 01:07:52', 'admin', '2026-05-11 01:07:52'),
  (100408, 100009, 100041, '2单元', 11, '1108', '1栋2单元1108', 115.56, 94.98, 1, 'NORMAL', 1, 'admin', '2026-05-11 01:07:52', 'admin', '2026-05-11 01:07:52'),
  (100409, 100009, 100041, '2单元', 10, '1009', '1栋2单元1009', 89.7, 70.38, 1, 'DECORATING', 1, 'admin', '2026-05-11 01:07:52', 'admin', '2026-05-11 01:07:52'),
  (100410, 100009, 100041, '2单元', 18, '1810', '1栋2单元1810', 151.86, 114.38, 1, 'NORMAL', 1, 'admin', '2026-05-11 01:07:52', 'admin', '2026-05-11 01:07:52'),
  (100411, 100009, 100042, '1单元', 2, '201', '2栋1单元201', 84.73, 64.4, 1, 'NORMAL', 1, 'admin', '2026-05-11 01:07:52', 'admin', '2026-05-11 01:07:52'),
  (100412, 100009, 100042, '1单元', 6, '602', '2栋1单元602', 164.67, 127.53, 1, 'NORMAL', 1, 'admin', '2026-05-11 01:07:52', 'admin', '2026-05-11 01:07:52'),
  (100413, 100009, 100042, '1单元', 5, '503', '2栋1单元503', 86.07, 71.99, 1, 'NORMAL', 1, 'admin', '2026-05-11 01:07:52', 'admin', '2026-05-11 01:07:52'),
  (100414, 100009, 100042, '1单元', 3, '304', '2栋1单元304', 88.1, 74.15, 1, 'NORMAL', 1, 'admin', '2026-05-11 01:07:52', 'admin', '2026-05-11 01:07:52'),
  (100415, 100009, 100042, '1单元', 6, '605', '2栋1单元605', 158.21, 122.41, 2, 'DECORATING', 1, 'admin', '2026-05-11 01:07:52', 'admin', '2026-05-11 01:07:52'),
  (100416, 100009, 100042, '1单元', 15, '1506', '2栋1单元1506', 86.53, 67.5, 1, 'DECORATING', 1, 'admin', '2026-05-11 01:07:52', 'admin', '2026-05-11 01:07:52'),
  (100417, 100009, 100042, '1单元', 18, '1807', '2栋1单元1807', 169.39, 137.65, 1, 'NORMAL', 1, 'admin', '2026-05-11 01:07:52', 'admin', '2026-05-11 01:07:52'),
  (100418, 100009, 100042, '1单元', 12, '1208', '2栋1单元1208', 172.99, 141.36, 1, 'NORMAL', 1, 'admin', '2026-05-11 01:07:52', 'admin', '2026-05-11 01:07:52'),
  (100419, 100009, 100042, '1单元', 13, '1309', '2栋1单元1309', 108.99, 85.01, 1, 'NORMAL', 1, 'admin', '2026-05-11 01:07:52', 'admin', '2026-05-11 01:07:52'),
  (100420, 100009, 100042, '1单元', 10, '1010', '2栋1单元1010', 161.92, 126.31, 1, 'VACANT', 1, 'admin', '2026-05-11 01:07:52', 'admin', '2026-05-11 01:07:52'),
  (100421, 100009, 100043, '1单元', 5, '501', '3栋1单元501', 109.52, 86.7, 1, 'NORMAL', 1, 'admin', '2026-05-11 01:07:52', 'admin', '2026-05-11 01:07:52'),
  (100422, 100009, 100043, '1单元', 3, '302', '3栋1单元302', 84.4, 68.76, 3, 'VACANT', 1, 'admin', '2026-05-11 01:07:52', 'admin', '2026-05-11 01:07:52'),
  (100423, 100009, 100043, '1单元', 1, '103', '3栋1单元103', 124.28, 103.52, 1, 'NORMAL', 1, 'admin', '2026-05-11 01:07:52', 'admin', '2026-05-11 01:07:52'),
  (100424, 100009, 100043, '1单元', 5, '504', '3栋1单元504', 132.35, 110.82, 1, 'NORMAL', 1, 'admin', '2026-05-11 01:07:52', 'admin', '2026-05-11 01:07:52'),
  (100425, 100009, 100043, '1单元', 6, '605', '3栋1单元605', 140.57, 108.48, 1, 'DECORATING', 1, 'admin', '2026-05-11 01:07:52', 'admin', '2026-05-11 01:07:52'),
  (100426, 100009, 100043, '1单元', 11, '1106', '3栋1单元1106', 174.84, 131.4, 3, 'DECORATING', 1, 'admin', '2026-05-11 01:07:52', 'admin', '2026-05-11 01:07:52'),
  (100427, 100009, 100043, '1单元', 8, '807', '3栋1单元807', 149.63, 123.51, 3, 'NORMAL', 1, 'admin', '2026-05-11 01:07:52', 'admin', '2026-05-11 01:07:52'),
  (100428, 100009, 100043, '1单元', 18, '1808', '3栋1单元1808', 84.54, 71.14, 1, 'NORMAL', 1, 'admin', '2026-05-11 01:07:52', 'admin', '2026-05-11 01:07:52'),
  (100429, 100009, 100043, '1单元', 13, '1309', '3栋1单元1309', 115.95, 94.48, 1, 'NORMAL', 1, 'admin', '2026-05-11 01:07:52', 'admin', '2026-05-11 01:07:52'),
  (100430, 100009, 100043, '1单元', 14, '1410', '3栋1单元1410', 115.92, 96.25, 1, 'NORMAL', 1, 'admin', '2026-05-11 01:07:52', 'admin', '2026-05-11 01:07:52'),
  (100431, 100009, 100044, NULL, 2, '201', '4栋201', 104.48, 82.68, 1, 'NORMAL', 1, 'admin', '2026-05-11 01:07:52', 'admin', '2026-05-11 01:07:52'),
  (100432, 100009, 100044, NULL, 2, '202', '4栋202', 61.95, 49.89, 1, 'NORMAL', 1, 'admin', '2026-05-11 01:07:52', 'admin', '2026-05-11 01:07:52'),
  (100433, 100009, 100044, NULL, 3, '303', '4栋303', 78.29, 61.3, 1, 'VACANT', 1, 'admin', '2026-05-11 01:07:52', 'admin', '2026-05-11 01:07:52'),
  (100434, 100009, 100044, NULL, 4, '404', '4栋404', 126.08, 106.46, 1, 'NORMAL', 1, 'admin', '2026-05-11 01:07:52', 'admin', '2026-05-11 01:07:52'),
  (100435, 100009, 100044, NULL, 4, '405', '4栋405', 175.98, 143.28, 1, 'NORMAL', 1, 'admin', '2026-05-11 01:07:52', 'admin', '2026-05-11 01:07:52'),
  (100436, 100009, 100044, NULL, 12, '1206', '4栋1206', 80.31, 66.02, 1, 'DECORATING', 1, 'admin', '2026-05-11 01:07:52', 'admin', '2026-05-11 01:07:52'),
  (100437, 100009, 100044, NULL, 15, '1507', '4栋1507', 178.84, 151.25, 1, 'VACANT', 1, 'admin', '2026-05-11 01:07:52', 'admin', '2026-05-11 01:07:52'),
  (100438, 100009, 100044, NULL, 8, '808', '4栋808', 173.42, 141.65, 1, 'NORMAL', 1, 'admin', '2026-05-11 01:07:52', 'admin', '2026-05-11 01:07:52'),
  (100439, 100009, 100044, NULL, 17, '1709', '4栋1709', 87.77, 72.03, 1, 'NORMAL', 1, 'admin', '2026-05-11 01:07:52', 'admin', '2026-05-11 01:07:52'),
  (100440, 100009, 100044, NULL, 12, '1210', '4栋1210', 67.25, 54.73, 3, 'DECORATING', 1, 'admin', '2026-05-11 01:07:52', 'admin', '2026-05-11 01:07:52'),
  (100441, 100009, 100045, NULL, 1, '101', '5栋101', 60.79, 48.95, 1, 'NORMAL', 1, 'admin', '2026-05-11 01:07:52', 'admin', '2026-05-11 01:07:52'),
  (100442, 100009, 100045, NULL, 3, '302', '5栋302', 124.29, 96.78, 1, 'NORMAL', 1, 'admin', '2026-05-11 01:07:52', 'admin', '2026-05-11 01:07:52'),
  (100443, 100009, 100045, NULL, 4, '403', '5栋403', 156.74, 131.81, 1, 'NORMAL', 1, 'admin', '2026-05-11 01:07:52', 'admin', '2026-05-11 01:07:52'),
  (100444, 100009, 100045, NULL, 2, '204', '5栋204', 88.92, 72.2, 1, 'NORMAL', 1, 'admin', '2026-05-11 01:07:52', 'admin', '2026-05-11 01:07:52'),
  (100445, 100009, 100045, NULL, 4, '405', '5栋405', 69.48, 58.78, 1, 'NORMAL', 1, 'admin', '2026-05-11 01:07:52', 'admin', '2026-05-11 01:07:52'),
  (100446, 100009, 100045, NULL, 18, '1806', '5栋1806', 87.1, 71.28, 1, 'NORMAL', 1, 'admin', '2026-05-11 01:07:52', 'admin', '2026-05-11 01:07:52'),
  (100447, 100009, 100045, NULL, 17, '1707', '5栋1707', 151.15, 114.78, 1, 'NORMAL', 1, 'admin', '2026-05-11 01:07:52', 'admin', '2026-05-11 01:07:52'),
  (100448, 100009, 100045, NULL, 7, '708', '5栋708', 136.41, 111.9, 1, 'VACANT', 1, 'admin', '2026-05-11 01:07:52', 'admin', '2026-05-11 01:07:52'),
  (100449, 100009, 100045, NULL, 17, '1709', '5栋1709', 154.13, 124.32, 2, 'NORMAL', 1, 'admin', '2026-05-11 01:07:52', 'admin', '2026-05-11 01:07:52'),
  (100450, 100009, 100045, NULL, 15, '1510', '5栋1510', 170.3, 131.64, 3, 'NORMAL', 1, 'admin', '2026-05-11 01:07:52', 'admin', '2026-05-11 01:07:52'),
  (100451, 100010, 100046, NULL, 3, '301', '1栋301', 65.59, 49.68, 3, 'VACANT', 1, 'admin', '2026-05-11 01:07:52', 'admin', '2026-05-11 01:07:52'),
  (100452, 100010, 100046, NULL, 5, '502', '1栋502', 138.97, 106.72, 2, 'NORMAL', 1, 'admin', '2026-05-11 01:07:52', 'admin', '2026-05-11 01:07:52'),
  (100453, 100010, 100046, NULL, 2, '203', '1栋203', 130.44, 107.64, 1, 'NORMAL', 1, 'admin', '2026-05-11 01:07:52', 'admin', '2026-05-11 01:07:52'),
  (100454, 100010, 100046, NULL, 1, '104', '1栋104', 95.91, 77.34, 1, 'VACANT', 1, 'admin', '2026-05-11 01:07:52', 'admin', '2026-05-11 01:07:52'),
  (100455, 100010, 100046, NULL, 6, '605', '1栋605', 167.58, 131.24, 1, 'NORMAL', 1, 'admin', '2026-05-11 01:07:52', 'admin', '2026-05-11 01:07:52'),
  (100456, 100010, 100046, NULL, 18, '1806', '1栋1806', 146.9, 117.53, 4, 'NORMAL', 1, 'admin', '2026-05-11 01:07:52', 'admin', '2026-05-11 01:07:52'),
  (100457, 100010, 100046, NULL, 13, '1307', '1栋1307', 87.86, 66.56, 1, 'NORMAL', 1, 'admin', '2026-05-11 01:07:52', 'admin', '2026-05-11 01:07:52'),
  (100458, 100010, 100046, NULL, 16, '1608', '1栋1608', 107.6, 89.02, 1, 'NORMAL', 1, 'admin', '2026-05-11 01:07:52', 'admin', '2026-05-11 01:07:52'),
  (100459, 100010, 100046, NULL, 14, '1409', '1栋1409', 118.87, 93.38, 3, 'NORMAL', 1, 'admin', '2026-05-11 01:07:52', 'admin', '2026-05-11 01:07:52'),
  (100460, 100010, 100046, NULL, 17, '1710', '1栋1710', 130.31, 102.69, 1, 'NORMAL', 1, 'admin', '2026-05-11 01:07:52', 'admin', '2026-05-11 01:07:52'),
  (100461, 100010, 100047, '2单元', 6, '601', '2栋2单元601', 68.82, 53.46, 1, 'NORMAL', 1, 'admin', '2026-05-11 01:07:52', 'admin', '2026-05-11 01:07:52'),
  (100462, 100010, 100047, '2单元', 2, '202', '2栋2单元202', 148.76, 116.28, 1, 'NORMAL', 1, 'admin', '2026-05-11 01:07:52', 'admin', '2026-05-11 01:07:52'),
  (100463, 100010, 100047, '2单元', 3, '303', '2栋2单元303', 113.37, 93.66, 1, 'NORMAL', 1, 'admin', '2026-05-11 01:07:52', 'admin', '2026-05-11 01:07:52'),
  (100464, 100010, 100047, '2单元', 4, '404', '2栋2单元404', 113.86, 91.71, 1, 'NORMAL', 1, 'admin', '2026-05-11 01:07:52', 'admin', '2026-05-11 01:07:52'),
  (100465, 100010, 100047, '2单元', 3, '305', '2栋2单元305', 126.51, 102.43, 1, 'VACANT', 1, 'admin', '2026-05-11 01:07:52', 'admin', '2026-05-11 01:07:52'),
  (100466, 100010, 100047, '2单元', 7, '706', '2栋2单元706', 95.02, 74.95, 1, 'DECORATING', 1, 'admin', '2026-05-11 01:07:52', 'admin', '2026-05-11 01:07:52'),
  (100467, 100010, 100047, '2单元', 10, '1007', '2栋2单元1007', 128.64, 98.66, 1, 'NORMAL', 1, 'admin', '2026-05-11 01:07:52', 'admin', '2026-05-11 01:07:52'),
  (100468, 100010, 100047, '2单元', 11, '1108', '2栋2单元1108', 92.21, 70.5, 1, 'NORMAL', 1, 'admin', '2026-05-11 01:07:52', 'admin', '2026-05-11 01:07:52'),
  (100469, 100010, 100047, '2单元', 11, '1109', '2栋2单元1109', 118.11, 89.49, 1, 'NORMAL', 1, 'admin', '2026-05-11 01:07:52', 'admin', '2026-05-11 01:07:52'),
  (100470, 100010, 100047, '2单元', 17, '1710', '2栋2单元1710', 119.5, 96.99, 1, 'NORMAL', 1, 'admin', '2026-05-11 01:07:52', 'admin', '2026-05-11 01:07:52'),
  (100471, 100010, 100048, '1单元', 4, '401', '3栋1单元401', 99.87, 81.1, 1, 'NORMAL', 1, 'admin', '2026-05-11 01:07:52', 'admin', '2026-05-11 01:07:52'),
  (100472, 100010, 100048, '1单元', 3, '302', '3栋1单元302', 111.67, 92.95, 1, 'NORMAL', 1, 'admin', '2026-05-11 01:07:52', 'admin', '2026-05-11 01:07:52'),
  (100473, 100010, 100048, '1单元', 3, '303', '3栋1单元303', 98.48, 83.19, 1, 'NORMAL', 1, 'admin', '2026-05-11 01:07:52', 'admin', '2026-05-11 01:07:52'),
  (100474, 100010, 100048, '1单元', 4, '404', '3栋1单元404', 176.25, 137.32, 1, 'NORMAL', 1, 'admin', '2026-05-11 01:07:52', 'admin', '2026-05-11 01:07:52'),
  (100475, 100010, 100048, '1单元', 5, '505', '3栋1单元505', 153.84, 120.39, 1, 'NORMAL', 1, 'admin', '2026-05-11 01:07:52', 'admin', '2026-05-11 01:07:52'),
  (100476, 100010, 100048, '1单元', 12, '1206', '3栋1单元1206', 73.67, 59.41, 1, 'NORMAL', 1, 'admin', '2026-05-11 01:07:52', 'admin', '2026-05-11 01:07:52'),
  (100477, 100010, 100048, '1单元', 17, '1707', '3栋1单元1707', 152.11, 114.49, 1, 'DECORATING', 1, 'admin', '2026-05-11 01:07:52', 'admin', '2026-05-11 01:07:52'),
  (100478, 100010, 100048, '1单元', 10, '1008', '3栋1单元1008', 112.61, 87.74, 1, 'VACANT', 1, 'admin', '2026-05-11 01:07:52', 'admin', '2026-05-11 01:07:52'),
  (100479, 100010, 100048, '1单元', 13, '1309', '3栋1单元1309', 140.76, 107.53, 1, 'NORMAL', 1, 'admin', '2026-05-11 01:07:52', 'admin', '2026-05-11 01:07:52'),
  (100480, 100010, 100048, '1单元', 9, '910', '3栋1单元910', 145.83, 120.88, 1, 'DECORATING', 1, 'admin', '2026-05-11 01:07:52', 'admin', '2026-05-11 01:07:52'),
  (100481, 100010, 100049, NULL, 5, '501', '4栋501', 108.1, 86.55, 3, 'NORMAL', 1, 'admin', '2026-05-11 01:07:52', 'admin', '2026-05-11 01:07:52'),
  (100482, 100010, 100049, NULL, 5, '502', '4栋502', 64.41, 54.55, 1, 'VACANT', 1, 'admin', '2026-05-11 01:07:52', 'admin', '2026-05-11 01:07:52'),
  (100483, 100010, 100049, NULL, 5, '503', '4栋503', 136.58, 103.6, 1, 'NORMAL', 1, 'admin', '2026-05-11 01:07:52', 'admin', '2026-05-11 01:07:52'),
  (100484, 100010, 100049, NULL, 3, '304', '4栋304', 79.96, 64.87, 1, 'NORMAL', 1, 'admin', '2026-05-11 01:07:52', 'admin', '2026-05-11 01:07:52'),
  (100485, 100010, 100049, NULL, 6, '605', '4栋605', 107.95, 89.09, 4, 'NORMAL', 1, 'admin', '2026-05-11 01:07:52', 'admin', '2026-05-11 01:07:52'),
  (100486, 100010, 100049, NULL, 7, '706', '4栋706', 71.83, 55.47, 1, 'NORMAL', 1, 'admin', '2026-05-11 01:07:52', 'admin', '2026-05-11 01:07:52'),
  (100487, 100010, 100049, NULL, 18, '1807', '4栋1807', 129.03, 102.52, 1, 'NORMAL', 1, 'admin', '2026-05-11 01:07:52', 'admin', '2026-05-11 01:07:52'),
  (100488, 100010, 100049, NULL, 16, '1608', '4栋1608', 142.85, 109.29, 4, 'NORMAL', 1, 'admin', '2026-05-11 01:07:52', 'admin', '2026-05-11 01:07:52'),
  (100489, 100010, 100049, NULL, 11, '1109', '4栋1109', 109.92, 93.01, 1, 'DECORATING', 1, 'admin', '2026-05-11 01:07:52', 'admin', '2026-05-11 01:07:52'),
  (100490, 100010, 100049, NULL, 9, '910', '4栋910', 101.8, 79.84, 1, 'NORMAL', 1, 'admin', '2026-05-11 01:07:52', 'admin', '2026-05-11 01:07:52'),
  (100491, 100010, 100050, NULL, 4, '401', '5栋401', 71.71, 58.96, 1, 'NORMAL', 1, 'admin', '2026-05-11 01:07:52', 'admin', '2026-05-11 01:07:52'),
  (100492, 100010, 100050, NULL, 1, '102', '5栋102', 157.22, 119.72, 1, 'NORMAL', 1, 'admin', '2026-05-11 01:07:52', 'admin', '2026-05-11 01:07:52'),
  (100493, 100010, 100050, NULL, 6, '603', '5栋603', 156.01, 131.52, 1, 'NORMAL', 1, 'admin', '2026-05-11 01:07:52', 'admin', '2026-05-11 01:07:52'),
  (100494, 100010, 100050, NULL, 5, '504', '5栋504', 79.22, 63.85, 4, 'NORMAL', 1, 'admin', '2026-05-11 01:07:52', 'admin', '2026-05-11 01:07:52'),
  (100495, 100010, 100050, NULL, 4, '405', '5栋405', 135.57, 104.2, 1, 'NORMAL', 1, 'admin', '2026-05-11 01:07:52', 'admin', '2026-05-11 01:07:52'),
  (100496, 100010, 100050, NULL, 18, '1806', '5栋1806', 133.69, 102.91, 1, 'NORMAL', 1, 'admin', '2026-05-11 01:07:52', 'admin', '2026-05-11 01:07:52'),
  (100497, 100010, 100050, NULL, 18, '1807', '5栋1807', 85.78, 66.72, 1, 'NORMAL', 1, 'admin', '2026-05-11 01:07:52', 'admin', '2026-05-11 01:07:52'),
  (100498, 100010, 100050, NULL, 16, '1608', '5栋1608', 72.21, 60.45, 1, 'NORMAL', 1, 'admin', '2026-05-11 01:07:52', 'admin', '2026-05-11 01:07:52'),
  (100499, 100010, 100050, NULL, 14, '1409', '5栋1409', 73.67, 60.19, 1, 'DECORATING', 1, 'admin', '2026-05-11 01:07:52', 'admin', '2026-05-11 01:07:52'),
  (100500, 100010, 100050, NULL, 12, '1210', '5栋1210', 131.64, 106.78, 1, 'NORMAL', 1, 'admin', '2026-05-11 01:07:52', 'admin', '2026-05-11 01:07:52');

-- ------------------------------------------------------------
-- 4. resi_customer  100 个客户（业主/租户）
-- ------------------------------------------------------------
INSERT INTO resi_customer (id, project_id, customer_name, phone, id_card, gender, customer_type, enabled_mark, create_by, create_time, update_by, update_time) VALUES
  (100001, 100001, '胡平', '15973744799', 'ENC_913949163647554001', 1, 2, 1, 'admin', '2026-05-11 01:07:52', 'admin', '2026-05-11 01:07:52'),
  (100002, 100001, '罗娜', '15436280635', 'ENC_375055628901953149', 1, 1, 1, 'admin', '2026-05-11 01:07:52', 'admin', '2026-05-11 01:07:52'),
  (100003, 100001, '孙静', '19517109257', 'ENC_787632151445878731', 0, 1, 1, 'admin', '2026-05-11 01:07:52', 'admin', '2026-05-11 01:07:52'),
  (100004, 100001, '朱丽', '18782364690', 'ENC_899473731705614362', 2, 2, 1, 'admin', '2026-05-11 01:07:52', 'admin', '2026-05-11 01:07:52'),
  (100005, 100001, '杨秀英', '15625749126', 'ENC_261750896264418173', 0, 1, 1, 'admin', '2026-05-11 01:07:52', 'admin', '2026-05-11 01:07:52'),
  (100006, 100001, '胡平', '13485515372', 'ENC_111048957780945421', 1, 1, 1, 'admin', '2026-05-11 01:07:52', 'admin', '2026-05-11 01:07:52'),
  (100007, 100001, '马秀英', '19801228319', 'ENC_571699789045979166', 2, 1, 1, 'admin', '2026-05-11 01:07:52', 'admin', '2026-05-11 01:07:52'),
  (100008, 100001, '胡明', '15188766909', 'ENC_135579971069929728', 0, 1, 1, 'admin', '2026-05-11 01:07:52', 'admin', '2026-05-11 01:07:52'),
  (100009, 100001, '周磊', '19409957384', 'ENC_752150576377955257', 2, 1, 1, 'admin', '2026-05-11 01:07:52', 'admin', '2026-05-11 01:07:52'),
  (100010, 100001, '郭秀英', '19221559383', 'ENC_231671304479531895', 1, 1, 1, 'admin', '2026-05-11 01:07:52', 'admin', '2026-05-11 01:07:52'),
  (100011, 100002, '孙秀英', '13916048218', 'ENC_608861023874127557', 2, 1, 1, 'admin', '2026-05-11 01:07:52', 'admin', '2026-05-11 01:07:52'),
  (100012, 100002, '朱敏', '15419662531', 'ENC_618506091542233178', 1, 1, 1, 'admin', '2026-05-11 01:07:52', 'admin', '2026-05-11 01:07:52'),
  (100013, 100002, '李涛', '13932828137', 'ENC_373180208643175353', 0, 2, 1, 'admin', '2026-05-11 01:07:52', 'admin', '2026-05-11 01:07:52'),
  (100014, 100002, '罗艳', '19779432289', 'ENC_291363777245764432', 2, 1, 1, 'admin', '2026-05-11 01:07:52', 'admin', '2026-05-11 01:07:52'),
  (100015, 100002, '赵强', '13712112671', 'ENC_713677976869866253', 1, 1, 1, 'admin', '2026-05-11 01:07:52', 'admin', '2026-05-11 01:07:52'),
  (100016, 100002, '杨勇', '17410669201', 'ENC_408225564498381970', 2, 3, 1, 'admin', '2026-05-11 01:07:52', 'admin', '2026-05-11 01:07:52'),
  (100017, 100002, '刘静', '18163657733', 'ENC_419732269018485709', 2, 1, 1, 'admin', '2026-05-11 01:07:52', 'admin', '2026-05-11 01:07:52'),
  (100018, 100002, '陈磊', '15863854401', 'ENC_977919268012801871', 2, 1, 1, 'admin', '2026-05-11 01:07:52', 'admin', '2026-05-11 01:07:52'),
  (100019, 100002, '陈华', '17774108885', 'ENC_532544246898796501', 1, 1, 1, 'admin', '2026-05-11 01:07:52', 'admin', '2026-05-11 01:07:52'),
  (100020, 100002, '李杰', '19905094179', 'ENC_900938731052321915', 1, 1, 1, 'admin', '2026-05-11 01:07:52', 'admin', '2026-05-11 01:07:52'),
  (100021, 100003, '郭勇', '19102655449', 'ENC_992517220275502384', 2, 1, 1, 'admin', '2026-05-11 01:07:52', 'admin', '2026-05-11 01:07:52'),
  (100022, 100003, '胡艳', '13954352670', 'ENC_558535181877250749', 0, 3, 1, 'admin', '2026-05-11 01:07:52', 'admin', '2026-05-11 01:07:52'),
  (100023, 100003, '赵明', '17446673808', 'ENC_426960560833713102', 1, 1, 1, 'admin', '2026-05-11 01:07:52', 'admin', '2026-05-11 01:07:52'),
  (100024, 100003, '陈华', '18946434607', 'ENC_978819056939677966', 0, 1, 1, 'admin', '2026-05-11 01:07:52', 'admin', '2026-05-11 01:07:52'),
  (100025, 100003, '胡伟', '13269633510', 'ENC_626329582387207610', 0, 3, 1, 'admin', '2026-05-11 01:07:52', 'admin', '2026-05-11 01:07:52'),
  (100026, 100003, '朱强', '15797929178', 'ENC_283288529517219542', 1, 1, 1, 'admin', '2026-05-11 01:07:52', 'admin', '2026-05-11 01:07:52'),
  (100027, 100003, '孙军', '13499264207', 'ENC_290837429951728534', 0, 1, 1, 'admin', '2026-05-11 01:07:52', 'admin', '2026-05-11 01:07:52'),
  (100028, 100003, '吴磊', '18803821904', 'ENC_911308606662694014', 0, 1, 1, 'admin', '2026-05-11 01:07:52', 'admin', '2026-05-11 01:07:52'),
  (100029, 100003, '郭娜', '15737458510', 'ENC_698878451040494833', 2, 1, 1, 'admin', '2026-05-11 01:07:52', 'admin', '2026-05-11 01:07:52'),
  (100030, 100003, '张勇', '13553456129', 'ENC_252387572946699277', 1, 1, 1, 'admin', '2026-05-11 01:07:52', 'admin', '2026-05-11 01:07:52'),
  (100031, 100004, '马娜', '13210811807', 'ENC_523769770013740395', 1, 1, 1, 'admin', '2026-05-11 01:07:52', 'admin', '2026-05-11 01:07:52'),
  (100032, 100004, '陈静', '13669628927', 'ENC_109770709420333669', 2, 1, 1, 'admin', '2026-05-11 01:07:52', 'admin', '2026-05-11 01:07:52'),
  (100033, 100004, '胡艳', '15774395804', 'ENC_274522490298469370', 1, 1, 1, 'admin', '2026-05-11 01:07:52', 'admin', '2026-05-11 01:07:52'),
  (100034, 100004, '胡强', '13207873599', 'ENC_967510770791343777', 0, 1, 1, 'admin', '2026-05-11 01:07:52', 'admin', '2026-05-11 01:07:52'),
  (100035, 100004, '马艳', '18437695739', 'ENC_261213232940580867', 0, 1, 1, 'admin', '2026-05-11 01:07:52', 'admin', '2026-05-11 01:07:52'),
  (100036, 100004, '李磊', '19745317824', 'ENC_931463515978603910', 2, 1, 1, 'admin', '2026-05-11 01:07:52', 'admin', '2026-05-11 01:07:52'),
  (100037, 100004, '张洋', '15655928892', 'ENC_687439528837353273', 0, 1, 1, 'admin', '2026-05-11 01:07:52', 'admin', '2026-05-11 01:07:52'),
  (100038, 100004, '吴芳', '15631381642', 'ENC_229984592710559154', 0, 1, 1, 'admin', '2026-05-11 01:07:52', 'admin', '2026-05-11 01:07:52'),
  (100039, 100004, '高娜', '19112956853', 'ENC_516317888683857255', 1, 1, 1, 'admin', '2026-05-11 01:07:52', 'admin', '2026-05-11 01:07:52'),
  (100040, 100004, '罗娟', '17686645526', 'ENC_299190608912665158', 1, 3, 1, 'admin', '2026-05-11 01:07:52', 'admin', '2026-05-11 01:07:52'),
  (100041, 100005, '李伟', '19172512549', 'ENC_402279042437478221', 0, 1, 1, 'admin', '2026-05-11 01:07:52', 'admin', '2026-05-11 01:07:52'),
  (100042, 100005, '王杰', '19407613928', 'ENC_921605389335921233', 2, 1, 1, 'admin', '2026-05-11 01:07:52', 'admin', '2026-05-11 01:07:52'),
  (100043, 100005, '朱杰', '13787771674', 'ENC_719874425769840606', 2, 1, 1, 'admin', '2026-05-11 01:07:52', 'admin', '2026-05-11 01:07:52'),
  (100044, 100005, '李洋', '13649009234', 'ENC_334270756052253522', 0, 1, 1, 'admin', '2026-05-11 01:07:52', 'admin', '2026-05-11 01:07:52'),
  (100045, 100005, '马华', '13433041955', 'ENC_604387063728860212', 2, 3, 1, 'admin', '2026-05-11 01:07:52', 'admin', '2026-05-11 01:07:52'),
  (100046, 100005, '黄芳', '15192570281', 'ENC_600925479972530060', 0, 1, 1, 'admin', '2026-05-11 01:07:52', 'admin', '2026-05-11 01:07:52'),
  (100047, 100005, '高芳', '17815197502', 'ENC_858682714481074234', 2, 1, 1, 'admin', '2026-05-11 01:07:52', 'admin', '2026-05-11 01:07:52'),
  (100048, 100005, '张静', '13275913951', 'ENC_702984126760463062', 2, 1, 1, 'admin', '2026-05-11 01:07:52', 'admin', '2026-05-11 01:07:52'),
  (100049, 100005, '周丽', '17236290703', 'ENC_409864357806412830', 2, 2, 1, 'admin', '2026-05-11 01:07:52', 'admin', '2026-05-11 01:07:52'),
  (100050, 100005, '张勇', '18392036942', 'ENC_173639389793308507', 1, 1, 1, 'admin', '2026-05-11 01:07:52', 'admin', '2026-05-11 01:07:52'),
  (100051, 100006, '罗娜', '18588764892', 'ENC_515194585187391984', 0, 1, 1, 'admin', '2026-05-11 01:07:52', 'admin', '2026-05-11 01:07:52'),
  (100052, 100006, '罗丽', '17268910304', 'ENC_991587584852969876', 0, 2, 1, 'admin', '2026-05-11 01:07:52', 'admin', '2026-05-11 01:07:52'),
  (100053, 100006, '刘磊', '19102757916', 'ENC_114167189555306949', 0, 1, 1, 'admin', '2026-05-11 01:07:52', 'admin', '2026-05-11 01:07:52'),
  (100054, 100006, '孙杰', '15292157835', 'ENC_140771428144129632', 2, 2, 1, 'admin', '2026-05-11 01:07:52', 'admin', '2026-05-11 01:07:52'),
  (100055, 100006, '朱磊', '17366570563', 'ENC_468860100940843528', 1, 2, 1, 'admin', '2026-05-11 01:07:52', 'admin', '2026-05-11 01:07:52'),
  (100056, 100006, '罗艳', '13639062353', 'ENC_306769960762731524', 0, 2, 1, 'admin', '2026-05-11 01:07:52', 'admin', '2026-05-11 01:07:52'),
  (100057, 100006, '王杰', '13599391065', 'ENC_425477659112131036', 1, 1, 1, 'admin', '2026-05-11 01:07:52', 'admin', '2026-05-11 01:07:52'),
  (100058, 100006, '林涛', '13496124146', 'ENC_436186250968903513', 2, 1, 1, 'admin', '2026-05-11 01:07:52', 'admin', '2026-05-11 01:07:52'),
  (100059, 100006, '高磊', '18495430792', 'ENC_994535609677904785', 0, 1, 1, 'admin', '2026-05-11 01:07:52', 'admin', '2026-05-11 01:07:52'),
  (100060, 100006, '林磊', '15106848195', 'ENC_572739452183222994', 0, 1, 1, 'admin', '2026-05-11 01:07:52', 'admin', '2026-05-11 01:07:52'),
  (100061, 100007, '孙伟', '17101569849', 'ENC_857819743956184670', 1, 2, 1, 'admin', '2026-05-11 01:07:52', 'admin', '2026-05-11 01:07:52'),
  (100062, 100007, '吴敏', '15668883968', 'ENC_374588542039849279', 1, 1, 1, 'admin', '2026-05-11 01:07:52', 'admin', '2026-05-11 01:07:52'),
  (100063, 100007, '王静', '17199886596', 'ENC_699241580300400430', 1, 1, 1, 'admin', '2026-05-11 01:07:52', 'admin', '2026-05-11 01:07:52'),
  (100064, 100007, '孙涛', '13723597716', 'ENC_682718537244064774', 0, 1, 1, 'admin', '2026-05-11 01:07:52', 'admin', '2026-05-11 01:07:52'),
  (100065, 100007, '马娜', '19709692870', 'ENC_601501109260633375', 2, 3, 1, 'admin', '2026-05-11 01:07:52', 'admin', '2026-05-11 01:07:52'),
  (100066, 100007, '黄洋', '17438238241', 'ENC_907881619193498590', 2, 1, 1, 'admin', '2026-05-11 01:07:52', 'admin', '2026-05-11 01:07:52'),
  (100067, 100007, '胡军', '15180195016', 'ENC_333711748976004316', 0, 1, 1, 'admin', '2026-05-11 01:07:52', 'admin', '2026-05-11 01:07:52'),
  (100068, 100007, '罗敏', '15213449146', 'ENC_618315167928580758', 1, 1, 1, 'admin', '2026-05-11 01:07:52', 'admin', '2026-05-11 01:07:52'),
  (100069, 100007, '刘秀英', '17927142786', 'ENC_621024918816007624', 1, 1, 1, 'admin', '2026-05-11 01:07:52', 'admin', '2026-05-11 01:07:52'),
  (100070, 100007, '刘娜', '15967150570', 'ENC_450735995934689877', 2, 1, 1, 'admin', '2026-05-11 01:07:52', 'admin', '2026-05-11 01:07:52'),
  (100071, 100008, '王强', '17259261469', 'ENC_919908660197702294', 0, 3, 1, 'admin', '2026-05-11 01:07:52', 'admin', '2026-05-11 01:07:52'),
  (100072, 100008, '马超', '13827120114', 'ENC_399951888646853434', 0, 1, 1, 'admin', '2026-05-11 01:07:52', 'admin', '2026-05-11 01:07:52'),
  (100073, 100008, '马涛', '19903243119', 'ENC_388060473903200522', 0, 1, 1, 'admin', '2026-05-11 01:07:52', 'admin', '2026-05-11 01:07:52'),
  (100074, 100008, '陈敏', '13166216779', 'ENC_356280775786858184', 0, 1, 1, 'admin', '2026-05-11 01:07:52', 'admin', '2026-05-11 01:07:52'),
  (100075, 100008, '马艳', '13725265416', 'ENC_398399890563391732', 0, 1, 1, 'admin', '2026-05-11 01:07:52', 'admin', '2026-05-11 01:07:52'),
  (100076, 100008, '李强', '18968977829', 'ENC_206044143250733986', 1, 1, 1, 'admin', '2026-05-11 01:07:52', 'admin', '2026-05-11 01:07:52'),
  (100077, 100008, '胡芳', '15716203465', 'ENC_555402485087227102', 1, 1, 1, 'admin', '2026-05-11 01:07:52', 'admin', '2026-05-11 01:07:52'),
  (100078, 100008, '朱丽', '17330549659', 'ENC_315770545147781137', 1, 1, 1, 'admin', '2026-05-11 01:07:52', 'admin', '2026-05-11 01:07:52'),
  (100079, 100008, '陈芳', '19764835755', 'ENC_383370554586707758', 2, 1, 1, 'admin', '2026-05-11 01:07:52', 'admin', '2026-05-11 01:07:52'),
  (100080, 100008, '朱秀英', '18165475776', 'ENC_422559749477690213', 1, 1, 1, 'admin', '2026-05-11 01:07:52', 'admin', '2026-05-11 01:07:52'),
  (100081, 100009, '赵超', '15777267364', 'ENC_514028077234877893', 1, 1, 1, 'admin', '2026-05-11 01:07:52', 'admin', '2026-05-11 01:07:52'),
  (100082, 100009, '郭艳', '19639440654', 'ENC_547773126790785747', 1, 1, 1, 'admin', '2026-05-11 01:07:52', 'admin', '2026-05-11 01:07:52'),
  (100083, 100009, '徐平', '15131464348', 'ENC_423893314020329727', 0, 2, 1, 'admin', '2026-05-11 01:07:52', 'admin', '2026-05-11 01:07:52'),
  (100084, 100009, '郭超', '17923390510', 'ENC_215447029384948733', 0, 1, 1, 'admin', '2026-05-11 01:07:52', 'admin', '2026-05-11 01:07:52'),
  (100085, 100009, '周秀英', '13920392140', 'ENC_763727810026363782', 1, 1, 1, 'admin', '2026-05-11 01:07:52', 'admin', '2026-05-11 01:07:52'),
  (100086, 100009, '杨丽', '15736212983', 'ENC_904308667447145642', 1, 2, 1, 'admin', '2026-05-11 01:07:52', 'admin', '2026-05-11 01:07:52'),
  (100087, 100009, '张艳', '19705167856', 'ENC_749220346471305426', 0, 2, 1, 'admin', '2026-05-11 01:07:52', 'admin', '2026-05-11 01:07:52'),
  (100088, 100009, '郭秀英', '17288502642', 'ENC_143769219250994653', 0, 1, 1, 'admin', '2026-05-11 01:07:52', 'admin', '2026-05-11 01:07:52'),
  (100089, 100009, '高磊', '13665269791', 'ENC_100788016882613378', 1, 2, 1, 'admin', '2026-05-11 01:07:52', 'admin', '2026-05-11 01:07:52'),
  (100090, 100009, '赵静', '17869805921', 'ENC_473072506715863499', 0, 1, 1, 'admin', '2026-05-11 01:07:52', 'admin', '2026-05-11 01:07:52'),
  (100091, 100010, '罗静', '13665104817', 'ENC_520689353100285339', 0, 1, 1, 'admin', '2026-05-11 01:07:52', 'admin', '2026-05-11 01:07:52'),
  (100092, 100010, '马华', '13461379699', 'ENC_471936176195533608', 0, 3, 1, 'admin', '2026-05-11 01:07:52', 'admin', '2026-05-11 01:07:52'),
  (100093, 100010, '朱明', '17287048690', 'ENC_899620692707229372', 2, 1, 1, 'admin', '2026-05-11 01:07:52', 'admin', '2026-05-11 01:07:52'),
  (100094, 100010, '黄华', '15506286844', 'ENC_946238588764682122', 2, 1, 1, 'admin', '2026-05-11 01:07:52', 'admin', '2026-05-11 01:07:52'),
  (100095, 100010, '杨伟', '19520478827', 'ENC_137334761572043996', 0, 1, 1, 'admin', '2026-05-11 01:07:52', 'admin', '2026-05-11 01:07:52'),
  (100096, 100010, '高磊', '19211787506', 'ENC_672062430642488695', 0, 1, 1, 'admin', '2026-05-11 01:07:52', 'admin', '2026-05-11 01:07:52'),
  (100097, 100010, '李磊', '17443080569', 'ENC_833473405767691131', 0, 2, 1, 'admin', '2026-05-11 01:07:52', 'admin', '2026-05-11 01:07:52'),
  (100098, 100010, '徐涛', '13384769690', 'ENC_387701026628034184', 2, 1, 1, 'admin', '2026-05-11 01:07:52', 'admin', '2026-05-11 01:07:52'),
  (100099, 100010, '周敏', '13151697938', 'ENC_605233420051072516', 2, 1, 1, 'admin', '2026-05-11 01:07:52', 'admin', '2026-05-11 01:07:52'),
  (100100, 100010, '杨娟', '18506639535', 'ENC_729522772651559222', 1, 1, 1, 'admin', '2026-05-11 01:07:52', 'admin', '2026-05-11 01:07:52');

-- ------------------------------------------------------------
-- 5. resi_customer_asset  500 条绑定（每房间 1 客户）
-- ------------------------------------------------------------
INSERT INTO resi_customer_asset (customer_id, project_id, asset_type, asset_id, bind_date, is_current, create_by, create_time) VALUES
  (100001, 100001, 1, 100001, '2025-08-26', 1, 'admin', '2026-05-11 01:07:52'),
  (100002, 100001, 1, 100002, '2025-10-21', 1, 'admin', '2026-05-11 01:07:52'),
  (100003, 100001, 1, 100003, '2025-11-08', 1, 'admin', '2026-05-11 01:07:52'),
  (100004, 100001, 1, 100004, '2025-03-15', 1, 'admin', '2026-05-11 01:07:52'),
  (100005, 100001, 1, 100005, '2025-02-26', 1, 'admin', '2026-05-11 01:07:52'),
  (100006, 100001, 1, 100006, '2025-01-10', 1, 'admin', '2026-05-11 01:07:52'),
  (100007, 100001, 1, 100007, '2025-01-11', 1, 'admin', '2026-05-11 01:07:52'),
  (100008, 100001, 1, 100008, '2025-05-04', 1, 'admin', '2026-05-11 01:07:52'),
  (100009, 100001, 1, 100009, '2025-02-11', 1, 'admin', '2026-05-11 01:07:52'),
  (100010, 100001, 1, 100010, '2025-03-13', 1, 'admin', '2026-05-11 01:07:52'),
  (100001, 100001, 1, 100011, '2025-03-24', 1, 'admin', '2026-05-11 01:07:52'),
  (100002, 100001, 1, 100012, '2025-02-18', 1, 'admin', '2026-05-11 01:07:52'),
  (100003, 100001, 1, 100013, '2025-02-11', 1, 'admin', '2026-05-11 01:07:52'),
  (100004, 100001, 1, 100014, '2025-10-20', 1, 'admin', '2026-05-11 01:07:52'),
  (100005, 100001, 1, 100015, '2025-08-23', 1, 'admin', '2026-05-11 01:07:52'),
  (100006, 100001, 1, 100016, '2025-01-14', 1, 'admin', '2026-05-11 01:07:52'),
  (100007, 100001, 1, 100017, '2025-11-06', 1, 'admin', '2026-05-11 01:07:52'),
  (100008, 100001, 1, 100018, '2025-10-14', 1, 'admin', '2026-05-11 01:07:52'),
  (100009, 100001, 1, 100019, '2025-03-02', 1, 'admin', '2026-05-11 01:07:52'),
  (100010, 100001, 1, 100020, '2025-02-11', 1, 'admin', '2026-05-11 01:07:52'),
  (100001, 100001, 1, 100021, '2025-04-07', 1, 'admin', '2026-05-11 01:07:52'),
  (100002, 100001, 1, 100022, '2025-07-23', 1, 'admin', '2026-05-11 01:07:52'),
  (100003, 100001, 1, 100023, '2025-09-24', 1, 'admin', '2026-05-11 01:07:52'),
  (100004, 100001, 1, 100024, '2025-12-18', 1, 'admin', '2026-05-11 01:07:52'),
  (100005, 100001, 1, 100025, '2025-05-22', 1, 'admin', '2026-05-11 01:07:52'),
  (100006, 100001, 1, 100026, '2025-05-10', 1, 'admin', '2026-05-11 01:07:52'),
  (100007, 100001, 1, 100027, '2025-04-04', 1, 'admin', '2026-05-11 01:07:52'),
  (100008, 100001, 1, 100028, '2025-01-13', 1, 'admin', '2026-05-11 01:07:52'),
  (100009, 100001, 1, 100029, '2025-10-18', 1, 'admin', '2026-05-11 01:07:52'),
  (100010, 100001, 1, 100030, '2025-08-05', 1, 'admin', '2026-05-11 01:07:52'),
  (100001, 100001, 1, 100031, '2025-01-12', 1, 'admin', '2026-05-11 01:07:52'),
  (100002, 100001, 1, 100032, '2025-01-14', 1, 'admin', '2026-05-11 01:07:52'),
  (100003, 100001, 1, 100033, '2025-02-10', 1, 'admin', '2026-05-11 01:07:52'),
  (100004, 100001, 1, 100034, '2025-11-21', 1, 'admin', '2026-05-11 01:07:52'),
  (100005, 100001, 1, 100035, '2025-10-16', 1, 'admin', '2026-05-11 01:07:52'),
  (100006, 100001, 1, 100036, '2025-04-04', 1, 'admin', '2026-05-11 01:07:52'),
  (100007, 100001, 1, 100037, '2025-01-07', 1, 'admin', '2026-05-11 01:07:52'),
  (100008, 100001, 1, 100038, '2025-03-21', 1, 'admin', '2026-05-11 01:07:52'),
  (100009, 100001, 1, 100039, '2025-05-03', 1, 'admin', '2026-05-11 01:07:52'),
  (100010, 100001, 1, 100040, '2025-08-28', 1, 'admin', '2026-05-11 01:07:52'),
  (100001, 100001, 1, 100041, '2025-02-10', 1, 'admin', '2026-05-11 01:07:52'),
  (100002, 100001, 1, 100042, '2025-07-16', 1, 'admin', '2026-05-11 01:07:52'),
  (100003, 100001, 1, 100043, '2025-08-22', 1, 'admin', '2026-05-11 01:07:52'),
  (100004, 100001, 1, 100044, '2025-05-03', 1, 'admin', '2026-05-11 01:07:52'),
  (100005, 100001, 1, 100045, '2025-11-18', 1, 'admin', '2026-05-11 01:07:52'),
  (100006, 100001, 1, 100046, '2025-07-06', 1, 'admin', '2026-05-11 01:07:52'),
  (100007, 100001, 1, 100047, '2025-06-13', 1, 'admin', '2026-05-11 01:07:52'),
  (100008, 100001, 1, 100048, '2025-06-06', 1, 'admin', '2026-05-11 01:07:52'),
  (100009, 100001, 1, 100049, '2025-08-02', 1, 'admin', '2026-05-11 01:07:52'),
  (100010, 100001, 1, 100050, '2025-05-15', 1, 'admin', '2026-05-11 01:07:52'),
  (100011, 100002, 1, 100051, '2025-08-09', 1, 'admin', '2026-05-11 01:07:52'),
  (100012, 100002, 1, 100052, '2025-04-27', 1, 'admin', '2026-05-11 01:07:52'),
  (100013, 100002, 1, 100053, '2025-05-19', 1, 'admin', '2026-05-11 01:07:52'),
  (100014, 100002, 1, 100054, '2025-01-05', 1, 'admin', '2026-05-11 01:07:52'),
  (100015, 100002, 1, 100055, '2025-12-22', 1, 'admin', '2026-05-11 01:07:52'),
  (100016, 100002, 1, 100056, '2025-02-03', 1, 'admin', '2026-05-11 01:07:52'),
  (100017, 100002, 1, 100057, '2025-11-12', 1, 'admin', '2026-05-11 01:07:52'),
  (100018, 100002, 1, 100058, '2025-09-14', 1, 'admin', '2026-05-11 01:07:52'),
  (100019, 100002, 1, 100059, '2025-10-08', 1, 'admin', '2026-05-11 01:07:52'),
  (100020, 100002, 1, 100060, '2025-09-02', 1, 'admin', '2026-05-11 01:07:52'),
  (100011, 100002, 1, 100061, '2025-07-27', 1, 'admin', '2026-05-11 01:07:52'),
  (100012, 100002, 1, 100062, '2025-09-14', 1, 'admin', '2026-05-11 01:07:52'),
  (100013, 100002, 1, 100063, '2025-09-22', 1, 'admin', '2026-05-11 01:07:52'),
  (100014, 100002, 1, 100064, '2025-08-19', 1, 'admin', '2026-05-11 01:07:52'),
  (100015, 100002, 1, 100065, '2025-04-16', 1, 'admin', '2026-05-11 01:07:52'),
  (100016, 100002, 1, 100066, '2025-05-03', 1, 'admin', '2026-05-11 01:07:52'),
  (100017, 100002, 1, 100067, '2025-07-28', 1, 'admin', '2026-05-11 01:07:52'),
  (100018, 100002, 1, 100068, '2025-12-02', 1, 'admin', '2026-05-11 01:07:52'),
  (100019, 100002, 1, 100069, '2025-09-19', 1, 'admin', '2026-05-11 01:07:52'),
  (100020, 100002, 1, 100070, '2025-09-26', 1, 'admin', '2026-05-11 01:07:52'),
  (100011, 100002, 1, 100071, '2025-10-22', 1, 'admin', '2026-05-11 01:07:52'),
  (100012, 100002, 1, 100072, '2025-10-05', 1, 'admin', '2026-05-11 01:07:52'),
  (100013, 100002, 1, 100073, '2025-02-25', 1, 'admin', '2026-05-11 01:07:52'),
  (100014, 100002, 1, 100074, '2025-08-06', 1, 'admin', '2026-05-11 01:07:52'),
  (100015, 100002, 1, 100075, '2025-03-07', 1, 'admin', '2026-05-11 01:07:52'),
  (100016, 100002, 1, 100076, '2025-04-05', 1, 'admin', '2026-05-11 01:07:52'),
  (100017, 100002, 1, 100077, '2025-01-14', 1, 'admin', '2026-05-11 01:07:52'),
  (100018, 100002, 1, 100078, '2025-02-22', 1, 'admin', '2026-05-11 01:07:52'),
  (100019, 100002, 1, 100079, '2025-07-07', 1, 'admin', '2026-05-11 01:07:52'),
  (100020, 100002, 1, 100080, '2025-11-05', 1, 'admin', '2026-05-11 01:07:52'),
  (100011, 100002, 1, 100081, '2025-10-09', 1, 'admin', '2026-05-11 01:07:52'),
  (100012, 100002, 1, 100082, '2025-06-24', 1, 'admin', '2026-05-11 01:07:52'),
  (100013, 100002, 1, 100083, '2025-02-03', 1, 'admin', '2026-05-11 01:07:52'),
  (100014, 100002, 1, 100084, '2025-07-18', 1, 'admin', '2026-05-11 01:07:52'),
  (100015, 100002, 1, 100085, '2025-07-18', 1, 'admin', '2026-05-11 01:07:52'),
  (100016, 100002, 1, 100086, '2025-06-28', 1, 'admin', '2026-05-11 01:07:52'),
  (100017, 100002, 1, 100087, '2025-05-17', 1, 'admin', '2026-05-11 01:07:52'),
  (100018, 100002, 1, 100088, '2025-08-28', 1, 'admin', '2026-05-11 01:07:52'),
  (100019, 100002, 1, 100089, '2025-01-26', 1, 'admin', '2026-05-11 01:07:52'),
  (100020, 100002, 1, 100090, '2025-12-20', 1, 'admin', '2026-05-11 01:07:52'),
  (100011, 100002, 1, 100091, '2025-10-17', 1, 'admin', '2026-05-11 01:07:52'),
  (100012, 100002, 1, 100092, '2025-07-04', 1, 'admin', '2026-05-11 01:07:52'),
  (100013, 100002, 1, 100093, '2025-07-05', 1, 'admin', '2026-05-11 01:07:52'),
  (100014, 100002, 1, 100094, '2025-03-19', 1, 'admin', '2026-05-11 01:07:52'),
  (100015, 100002, 1, 100095, '2025-10-19', 1, 'admin', '2026-05-11 01:07:52'),
  (100016, 100002, 1, 100096, '2025-02-04', 1, 'admin', '2026-05-11 01:07:52'),
  (100017, 100002, 1, 100097, '2025-10-25', 1, 'admin', '2026-05-11 01:07:52'),
  (100018, 100002, 1, 100098, '2025-02-26', 1, 'admin', '2026-05-11 01:07:52'),
  (100019, 100002, 1, 100099, '2025-05-28', 1, 'admin', '2026-05-11 01:07:52'),
  (100020, 100002, 1, 100100, '2025-09-12', 1, 'admin', '2026-05-11 01:07:52'),
  (100021, 100003, 1, 100101, '2025-07-09', 1, 'admin', '2026-05-11 01:07:52'),
  (100022, 100003, 1, 100102, '2025-07-21', 1, 'admin', '2026-05-11 01:07:52'),
  (100023, 100003, 1, 100103, '2025-08-19', 1, 'admin', '2026-05-11 01:07:52'),
  (100024, 100003, 1, 100104, '2025-10-16', 1, 'admin', '2026-05-11 01:07:52'),
  (100025, 100003, 1, 100105, '2025-01-06', 1, 'admin', '2026-05-11 01:07:52'),
  (100026, 100003, 1, 100106, '2025-05-13', 1, 'admin', '2026-05-11 01:07:52'),
  (100027, 100003, 1, 100107, '2025-03-20', 1, 'admin', '2026-05-11 01:07:52'),
  (100028, 100003, 1, 100108, '2025-10-22', 1, 'admin', '2026-05-11 01:07:52'),
  (100029, 100003, 1, 100109, '2025-12-13', 1, 'admin', '2026-05-11 01:07:52'),
  (100030, 100003, 1, 100110, '2025-01-13', 1, 'admin', '2026-05-11 01:07:52'),
  (100021, 100003, 1, 100111, '2025-06-23', 1, 'admin', '2026-05-11 01:07:52'),
  (100022, 100003, 1, 100112, '2025-04-02', 1, 'admin', '2026-05-11 01:07:52'),
  (100023, 100003, 1, 100113, '2025-12-16', 1, 'admin', '2026-05-11 01:07:52'),
  (100024, 100003, 1, 100114, '2025-05-12', 1, 'admin', '2026-05-11 01:07:52'),
  (100025, 100003, 1, 100115, '2025-01-11', 1, 'admin', '2026-05-11 01:07:52'),
  (100026, 100003, 1, 100116, '2025-05-10', 1, 'admin', '2026-05-11 01:07:52'),
  (100027, 100003, 1, 100117, '2025-05-27', 1, 'admin', '2026-05-11 01:07:52'),
  (100028, 100003, 1, 100118, '2025-08-28', 1, 'admin', '2026-05-11 01:07:52'),
  (100029, 100003, 1, 100119, '2025-12-22', 1, 'admin', '2026-05-11 01:07:52'),
  (100030, 100003, 1, 100120, '2025-02-28', 1, 'admin', '2026-05-11 01:07:52'),
  (100021, 100003, 1, 100121, '2025-04-05', 1, 'admin', '2026-05-11 01:07:52'),
  (100022, 100003, 1, 100122, '2025-05-24', 1, 'admin', '2026-05-11 01:07:52'),
  (100023, 100003, 1, 100123, '2025-08-25', 1, 'admin', '2026-05-11 01:07:52'),
  (100024, 100003, 1, 100124, '2025-06-09', 1, 'admin', '2026-05-11 01:07:52'),
  (100025, 100003, 1, 100125, '2025-12-14', 1, 'admin', '2026-05-11 01:07:52'),
  (100026, 100003, 1, 100126, '2025-10-21', 1, 'admin', '2026-05-11 01:07:52'),
  (100027, 100003, 1, 100127, '2025-02-07', 1, 'admin', '2026-05-11 01:07:52'),
  (100028, 100003, 1, 100128, '2025-08-07', 1, 'admin', '2026-05-11 01:07:52'),
  (100029, 100003, 1, 100129, '2025-07-24', 1, 'admin', '2026-05-11 01:07:52'),
  (100030, 100003, 1, 100130, '2025-08-25', 1, 'admin', '2026-05-11 01:07:52'),
  (100021, 100003, 1, 100131, '2025-09-28', 1, 'admin', '2026-05-11 01:07:52'),
  (100022, 100003, 1, 100132, '2025-06-27', 1, 'admin', '2026-05-11 01:07:52'),
  (100023, 100003, 1, 100133, '2025-01-17', 1, 'admin', '2026-05-11 01:07:52'),
  (100024, 100003, 1, 100134, '2025-03-03', 1, 'admin', '2026-05-11 01:07:52'),
  (100025, 100003, 1, 100135, '2025-05-23', 1, 'admin', '2026-05-11 01:07:52'),
  (100026, 100003, 1, 100136, '2025-09-13', 1, 'admin', '2026-05-11 01:07:52'),
  (100027, 100003, 1, 100137, '2025-03-25', 1, 'admin', '2026-05-11 01:07:52'),
  (100028, 100003, 1, 100138, '2025-09-19', 1, 'admin', '2026-05-11 01:07:52'),
  (100029, 100003, 1, 100139, '2025-01-06', 1, 'admin', '2026-05-11 01:07:52'),
  (100030, 100003, 1, 100140, '2025-04-27', 1, 'admin', '2026-05-11 01:07:52'),
  (100021, 100003, 1, 100141, '2025-04-27', 1, 'admin', '2026-05-11 01:07:52'),
  (100022, 100003, 1, 100142, '2025-01-08', 1, 'admin', '2026-05-11 01:07:52'),
  (100023, 100003, 1, 100143, '2025-01-15', 1, 'admin', '2026-05-11 01:07:52'),
  (100024, 100003, 1, 100144, '2025-01-12', 1, 'admin', '2026-05-11 01:07:52'),
  (100025, 100003, 1, 100145, '2025-12-07', 1, 'admin', '2026-05-11 01:07:52'),
  (100026, 100003, 1, 100146, '2025-05-12', 1, 'admin', '2026-05-11 01:07:52'),
  (100027, 100003, 1, 100147, '2025-08-17', 1, 'admin', '2026-05-11 01:07:52'),
  (100028, 100003, 1, 100148, '2025-07-21', 1, 'admin', '2026-05-11 01:07:52'),
  (100029, 100003, 1, 100149, '2025-02-22', 1, 'admin', '2026-05-11 01:07:52'),
  (100030, 100003, 1, 100150, '2025-01-08', 1, 'admin', '2026-05-11 01:07:52'),
  (100031, 100004, 1, 100151, '2025-06-16', 1, 'admin', '2026-05-11 01:07:52'),
  (100032, 100004, 1, 100152, '2025-10-15', 1, 'admin', '2026-05-11 01:07:52'),
  (100033, 100004, 1, 100153, '2025-03-28', 1, 'admin', '2026-05-11 01:07:52'),
  (100034, 100004, 1, 100154, '2025-08-19', 1, 'admin', '2026-05-11 01:07:52'),
  (100035, 100004, 1, 100155, '2025-09-12', 1, 'admin', '2026-05-11 01:07:52'),
  (100036, 100004, 1, 100156, '2025-06-06', 1, 'admin', '2026-05-11 01:07:52'),
  (100037, 100004, 1, 100157, '2025-05-24', 1, 'admin', '2026-05-11 01:07:52'),
  (100038, 100004, 1, 100158, '2025-12-03', 1, 'admin', '2026-05-11 01:07:52'),
  (100039, 100004, 1, 100159, '2025-05-01', 1, 'admin', '2026-05-11 01:07:52'),
  (100040, 100004, 1, 100160, '2025-07-02', 1, 'admin', '2026-05-11 01:07:52'),
  (100031, 100004, 1, 100161, '2025-03-28', 1, 'admin', '2026-05-11 01:07:52'),
  (100032, 100004, 1, 100162, '2025-10-25', 1, 'admin', '2026-05-11 01:07:52'),
  (100033, 100004, 1, 100163, '2025-04-28', 1, 'admin', '2026-05-11 01:07:52'),
  (100034, 100004, 1, 100164, '2025-04-21', 1, 'admin', '2026-05-11 01:07:52'),
  (100035, 100004, 1, 100165, '2025-04-22', 1, 'admin', '2026-05-11 01:07:52'),
  (100036, 100004, 1, 100166, '2025-04-09', 1, 'admin', '2026-05-11 01:07:52'),
  (100037, 100004, 1, 100167, '2025-11-14', 1, 'admin', '2026-05-11 01:07:52'),
  (100038, 100004, 1, 100168, '2025-09-01', 1, 'admin', '2026-05-11 01:07:52'),
  (100039, 100004, 1, 100169, '2025-11-01', 1, 'admin', '2026-05-11 01:07:52'),
  (100040, 100004, 1, 100170, '2025-08-05', 1, 'admin', '2026-05-11 01:07:52'),
  (100031, 100004, 1, 100171, '2025-11-06', 1, 'admin', '2026-05-11 01:07:52'),
  (100032, 100004, 1, 100172, '2025-10-26', 1, 'admin', '2026-05-11 01:07:52'),
  (100033, 100004, 1, 100173, '2025-01-08', 1, 'admin', '2026-05-11 01:07:52'),
  (100034, 100004, 1, 100174, '2025-05-20', 1, 'admin', '2026-05-11 01:07:52'),
  (100035, 100004, 1, 100175, '2025-05-23', 1, 'admin', '2026-05-11 01:07:52'),
  (100036, 100004, 1, 100176, '2025-12-21', 1, 'admin', '2026-05-11 01:07:52'),
  (100037, 100004, 1, 100177, '2025-05-14', 1, 'admin', '2026-05-11 01:07:52'),
  (100038, 100004, 1, 100178, '2025-07-28', 1, 'admin', '2026-05-11 01:07:52'),
  (100039, 100004, 1, 100179, '2025-06-15', 1, 'admin', '2026-05-11 01:07:52'),
  (100040, 100004, 1, 100180, '2025-05-07', 1, 'admin', '2026-05-11 01:07:52'),
  (100031, 100004, 1, 100181, '2025-08-10', 1, 'admin', '2026-05-11 01:07:52'),
  (100032, 100004, 1, 100182, '2025-11-17', 1, 'admin', '2026-05-11 01:07:52'),
  (100033, 100004, 1, 100183, '2025-10-13', 1, 'admin', '2026-05-11 01:07:52'),
  (100034, 100004, 1, 100184, '2025-10-04', 1, 'admin', '2026-05-11 01:07:52'),
  (100035, 100004, 1, 100185, '2025-01-17', 1, 'admin', '2026-05-11 01:07:52'),
  (100036, 100004, 1, 100186, '2025-11-27', 1, 'admin', '2026-05-11 01:07:52'),
  (100037, 100004, 1, 100187, '2025-06-18', 1, 'admin', '2026-05-11 01:07:52'),
  (100038, 100004, 1, 100188, '2025-11-20', 1, 'admin', '2026-05-11 01:07:52'),
  (100039, 100004, 1, 100189, '2025-10-10', 1, 'admin', '2026-05-11 01:07:52'),
  (100040, 100004, 1, 100190, '2025-05-22', 1, 'admin', '2026-05-11 01:07:52'),
  (100031, 100004, 1, 100191, '2025-02-16', 1, 'admin', '2026-05-11 01:07:52'),
  (100032, 100004, 1, 100192, '2025-02-11', 1, 'admin', '2026-05-11 01:07:52'),
  (100033, 100004, 1, 100193, '2025-05-21', 1, 'admin', '2026-05-11 01:07:52'),
  (100034, 100004, 1, 100194, '2025-06-28', 1, 'admin', '2026-05-11 01:07:52'),
  (100035, 100004, 1, 100195, '2025-05-09', 1, 'admin', '2026-05-11 01:07:52'),
  (100036, 100004, 1, 100196, '2025-11-23', 1, 'admin', '2026-05-11 01:07:52'),
  (100037, 100004, 1, 100197, '2025-11-10', 1, 'admin', '2026-05-11 01:07:52'),
  (100038, 100004, 1, 100198, '2025-04-05', 1, 'admin', '2026-05-11 01:07:52'),
  (100039, 100004, 1, 100199, '2025-09-25', 1, 'admin', '2026-05-11 01:07:52'),
  (100040, 100004, 1, 100200, '2025-04-02', 1, 'admin', '2026-05-11 01:07:52'),
  (100041, 100005, 1, 100201, '2025-10-13', 1, 'admin', '2026-05-11 01:07:52'),
  (100042, 100005, 1, 100202, '2025-11-11', 1, 'admin', '2026-05-11 01:07:52'),
  (100043, 100005, 1, 100203, '2025-11-05', 1, 'admin', '2026-05-11 01:07:52'),
  (100044, 100005, 1, 100204, '2025-12-01', 1, 'admin', '2026-05-11 01:07:52'),
  (100045, 100005, 1, 100205, '2025-11-16', 1, 'admin', '2026-05-11 01:07:52'),
  (100046, 100005, 1, 100206, '2025-05-09', 1, 'admin', '2026-05-11 01:07:52'),
  (100047, 100005, 1, 100207, '2025-07-13', 1, 'admin', '2026-05-11 01:07:52'),
  (100048, 100005, 1, 100208, '2025-07-24', 1, 'admin', '2026-05-11 01:07:52'),
  (100049, 100005, 1, 100209, '2025-01-19', 1, 'admin', '2026-05-11 01:07:52'),
  (100050, 100005, 1, 100210, '2025-12-19', 1, 'admin', '2026-05-11 01:07:52'),
  (100041, 100005, 1, 100211, '2025-04-11', 1, 'admin', '2026-05-11 01:07:52'),
  (100042, 100005, 1, 100212, '2025-12-23', 1, 'admin', '2026-05-11 01:07:52'),
  (100043, 100005, 1, 100213, '2025-04-22', 1, 'admin', '2026-05-11 01:07:52'),
  (100044, 100005, 1, 100214, '2025-09-21', 1, 'admin', '2026-05-11 01:07:52'),
  (100045, 100005, 1, 100215, '2025-08-22', 1, 'admin', '2026-05-11 01:07:52'),
  (100046, 100005, 1, 100216, '2025-06-17', 1, 'admin', '2026-05-11 01:07:52'),
  (100047, 100005, 1, 100217, '2025-05-28', 1, 'admin', '2026-05-11 01:07:52'),
  (100048, 100005, 1, 100218, '2025-03-27', 1, 'admin', '2026-05-11 01:07:52'),
  (100049, 100005, 1, 100219, '2025-11-18', 1, 'admin', '2026-05-11 01:07:52'),
  (100050, 100005, 1, 100220, '2025-03-10', 1, 'admin', '2026-05-11 01:07:52'),
  (100041, 100005, 1, 100221, '2025-02-16', 1, 'admin', '2026-05-11 01:07:52'),
  (100042, 100005, 1, 100222, '2025-03-24', 1, 'admin', '2026-05-11 01:07:52'),
  (100043, 100005, 1, 100223, '2025-05-24', 1, 'admin', '2026-05-11 01:07:52'),
  (100044, 100005, 1, 100224, '2025-09-25', 1, 'admin', '2026-05-11 01:07:52'),
  (100045, 100005, 1, 100225, '2025-03-22', 1, 'admin', '2026-05-11 01:07:52'),
  (100046, 100005, 1, 100226, '2025-06-21', 1, 'admin', '2026-05-11 01:07:52'),
  (100047, 100005, 1, 100227, '2025-02-08', 1, 'admin', '2026-05-11 01:07:52'),
  (100048, 100005, 1, 100228, '2025-06-08', 1, 'admin', '2026-05-11 01:07:52'),
  (100049, 100005, 1, 100229, '2025-12-28', 1, 'admin', '2026-05-11 01:07:52'),
  (100050, 100005, 1, 100230, '2025-05-14', 1, 'admin', '2026-05-11 01:07:52'),
  (100041, 100005, 1, 100231, '2025-06-12', 1, 'admin', '2026-05-11 01:07:52'),
  (100042, 100005, 1, 100232, '2025-05-19', 1, 'admin', '2026-05-11 01:07:52'),
  (100043, 100005, 1, 100233, '2025-05-15', 1, 'admin', '2026-05-11 01:07:52'),
  (100044, 100005, 1, 100234, '2025-02-16', 1, 'admin', '2026-05-11 01:07:52'),
  (100045, 100005, 1, 100235, '2025-01-28', 1, 'admin', '2026-05-11 01:07:52'),
  (100046, 100005, 1, 100236, '2025-11-19', 1, 'admin', '2026-05-11 01:07:52'),
  (100047, 100005, 1, 100237, '2025-10-20', 1, 'admin', '2026-05-11 01:07:52'),
  (100048, 100005, 1, 100238, '2025-02-16', 1, 'admin', '2026-05-11 01:07:52'),
  (100049, 100005, 1, 100239, '2025-04-17', 1, 'admin', '2026-05-11 01:07:52'),
  (100050, 100005, 1, 100240, '2025-02-28', 1, 'admin', '2026-05-11 01:07:52'),
  (100041, 100005, 1, 100241, '2025-11-13', 1, 'admin', '2026-05-11 01:07:52'),
  (100042, 100005, 1, 100242, '2025-09-10', 1, 'admin', '2026-05-11 01:07:52'),
  (100043, 100005, 1, 100243, '2025-07-02', 1, 'admin', '2026-05-11 01:07:52'),
  (100044, 100005, 1, 100244, '2025-03-05', 1, 'admin', '2026-05-11 01:07:52'),
  (100045, 100005, 1, 100245, '2025-04-11', 1, 'admin', '2026-05-11 01:07:52'),
  (100046, 100005, 1, 100246, '2025-07-19', 1, 'admin', '2026-05-11 01:07:52'),
  (100047, 100005, 1, 100247, '2025-08-05', 1, 'admin', '2026-05-11 01:07:52'),
  (100048, 100005, 1, 100248, '2025-06-28', 1, 'admin', '2026-05-11 01:07:52'),
  (100049, 100005, 1, 100249, '2025-12-06', 1, 'admin', '2026-05-11 01:07:52'),
  (100050, 100005, 1, 100250, '2025-02-16', 1, 'admin', '2026-05-11 01:07:52'),
  (100051, 100006, 1, 100251, '2025-06-21', 1, 'admin', '2026-05-11 01:07:52'),
  (100052, 100006, 1, 100252, '2025-03-11', 1, 'admin', '2026-05-11 01:07:52'),
  (100053, 100006, 1, 100253, '2025-11-02', 1, 'admin', '2026-05-11 01:07:52'),
  (100054, 100006, 1, 100254, '2025-01-15', 1, 'admin', '2026-05-11 01:07:52'),
  (100055, 100006, 1, 100255, '2025-05-07', 1, 'admin', '2026-05-11 01:07:52'),
  (100056, 100006, 1, 100256, '2025-03-19', 1, 'admin', '2026-05-11 01:07:52'),
  (100057, 100006, 1, 100257, '2025-03-16', 1, 'admin', '2026-05-11 01:07:52'),
  (100058, 100006, 1, 100258, '2025-02-05', 1, 'admin', '2026-05-11 01:07:52'),
  (100059, 100006, 1, 100259, '2025-10-14', 1, 'admin', '2026-05-11 01:07:52'),
  (100060, 100006, 1, 100260, '2025-11-14', 1, 'admin', '2026-05-11 01:07:52'),
  (100051, 100006, 1, 100261, '2025-07-14', 1, 'admin', '2026-05-11 01:07:52'),
  (100052, 100006, 1, 100262, '2025-08-13', 1, 'admin', '2026-05-11 01:07:52'),
  (100053, 100006, 1, 100263, '2025-01-02', 1, 'admin', '2026-05-11 01:07:52'),
  (100054, 100006, 1, 100264, '2025-09-07', 1, 'admin', '2026-05-11 01:07:52'),
  (100055, 100006, 1, 100265, '2025-12-12', 1, 'admin', '2026-05-11 01:07:52'),
  (100056, 100006, 1, 100266, '2025-01-11', 1, 'admin', '2026-05-11 01:07:52'),
  (100057, 100006, 1, 100267, '2025-09-07', 1, 'admin', '2026-05-11 01:07:52'),
  (100058, 100006, 1, 100268, '2025-01-22', 1, 'admin', '2026-05-11 01:07:52'),
  (100059, 100006, 1, 100269, '2025-01-21', 1, 'admin', '2026-05-11 01:07:52'),
  (100060, 100006, 1, 100270, '2025-12-08', 1, 'admin', '2026-05-11 01:07:52'),
  (100051, 100006, 1, 100271, '2025-04-23', 1, 'admin', '2026-05-11 01:07:52'),
  (100052, 100006, 1, 100272, '2025-06-10', 1, 'admin', '2026-05-11 01:07:52'),
  (100053, 100006, 1, 100273, '2025-03-04', 1, 'admin', '2026-05-11 01:07:52'),
  (100054, 100006, 1, 100274, '2025-07-17', 1, 'admin', '2026-05-11 01:07:52'),
  (100055, 100006, 1, 100275, '2025-10-10', 1, 'admin', '2026-05-11 01:07:52'),
  (100056, 100006, 1, 100276, '2025-03-03', 1, 'admin', '2026-05-11 01:07:52'),
  (100057, 100006, 1, 100277, '2025-01-10', 1, 'admin', '2026-05-11 01:07:52'),
  (100058, 100006, 1, 100278, '2025-05-15', 1, 'admin', '2026-05-11 01:07:52'),
  (100059, 100006, 1, 100279, '2025-12-17', 1, 'admin', '2026-05-11 01:07:52'),
  (100060, 100006, 1, 100280, '2025-10-17', 1, 'admin', '2026-05-11 01:07:52'),
  (100051, 100006, 1, 100281, '2025-06-14', 1, 'admin', '2026-05-11 01:07:52'),
  (100052, 100006, 1, 100282, '2025-11-05', 1, 'admin', '2026-05-11 01:07:52'),
  (100053, 100006, 1, 100283, '2025-06-16', 1, 'admin', '2026-05-11 01:07:52'),
  (100054, 100006, 1, 100284, '2025-06-25', 1, 'admin', '2026-05-11 01:07:52'),
  (100055, 100006, 1, 100285, '2025-04-06', 1, 'admin', '2026-05-11 01:07:52'),
  (100056, 100006, 1, 100286, '2025-07-01', 1, 'admin', '2026-05-11 01:07:52'),
  (100057, 100006, 1, 100287, '2025-04-08', 1, 'admin', '2026-05-11 01:07:52'),
  (100058, 100006, 1, 100288, '2025-12-05', 1, 'admin', '2026-05-11 01:07:52'),
  (100059, 100006, 1, 100289, '2025-04-24', 1, 'admin', '2026-05-11 01:07:52'),
  (100060, 100006, 1, 100290, '2025-01-19', 1, 'admin', '2026-05-11 01:07:52'),
  (100051, 100006, 1, 100291, '2025-09-06', 1, 'admin', '2026-05-11 01:07:52'),
  (100052, 100006, 1, 100292, '2025-02-12', 1, 'admin', '2026-05-11 01:07:52'),
  (100053, 100006, 1, 100293, '2025-12-21', 1, 'admin', '2026-05-11 01:07:52'),
  (100054, 100006, 1, 100294, '2025-01-13', 1, 'admin', '2026-05-11 01:07:52'),
  (100055, 100006, 1, 100295, '2025-11-09', 1, 'admin', '2026-05-11 01:07:52'),
  (100056, 100006, 1, 100296, '2025-09-20', 1, 'admin', '2026-05-11 01:07:52'),
  (100057, 100006, 1, 100297, '2025-01-20', 1, 'admin', '2026-05-11 01:07:52'),
  (100058, 100006, 1, 100298, '2025-01-22', 1, 'admin', '2026-05-11 01:07:52'),
  (100059, 100006, 1, 100299, '2025-02-21', 1, 'admin', '2026-05-11 01:07:52'),
  (100060, 100006, 1, 100300, '2025-01-02', 1, 'admin', '2026-05-11 01:07:52'),
  (100061, 100007, 1, 100301, '2025-12-04', 1, 'admin', '2026-05-11 01:07:52'),
  (100062, 100007, 1, 100302, '2025-07-15', 1, 'admin', '2026-05-11 01:07:52'),
  (100063, 100007, 1, 100303, '2025-07-04', 1, 'admin', '2026-05-11 01:07:52'),
  (100064, 100007, 1, 100304, '2025-09-09', 1, 'admin', '2026-05-11 01:07:52'),
  (100065, 100007, 1, 100305, '2025-08-23', 1, 'admin', '2026-05-11 01:07:52'),
  (100066, 100007, 1, 100306, '2025-03-07', 1, 'admin', '2026-05-11 01:07:52'),
  (100067, 100007, 1, 100307, '2025-12-22', 1, 'admin', '2026-05-11 01:07:52'),
  (100068, 100007, 1, 100308, '2025-11-01', 1, 'admin', '2026-05-11 01:07:52'),
  (100069, 100007, 1, 100309, '2025-05-14', 1, 'admin', '2026-05-11 01:07:52'),
  (100070, 100007, 1, 100310, '2025-11-04', 1, 'admin', '2026-05-11 01:07:52'),
  (100061, 100007, 1, 100311, '2025-11-17', 1, 'admin', '2026-05-11 01:07:52'),
  (100062, 100007, 1, 100312, '2025-05-20', 1, 'admin', '2026-05-11 01:07:52'),
  (100063, 100007, 1, 100313, '2025-10-23', 1, 'admin', '2026-05-11 01:07:52'),
  (100064, 100007, 1, 100314, '2025-03-14', 1, 'admin', '2026-05-11 01:07:52'),
  (100065, 100007, 1, 100315, '2025-02-17', 1, 'admin', '2026-05-11 01:07:52'),
  (100066, 100007, 1, 100316, '2025-12-20', 1, 'admin', '2026-05-11 01:07:52'),
  (100067, 100007, 1, 100317, '2025-02-10', 1, 'admin', '2026-05-11 01:07:52'),
  (100068, 100007, 1, 100318, '2025-02-26', 1, 'admin', '2026-05-11 01:07:52'),
  (100069, 100007, 1, 100319, '2025-02-16', 1, 'admin', '2026-05-11 01:07:52'),
  (100070, 100007, 1, 100320, '2025-04-20', 1, 'admin', '2026-05-11 01:07:52'),
  (100061, 100007, 1, 100321, '2025-04-25', 1, 'admin', '2026-05-11 01:07:52'),
  (100062, 100007, 1, 100322, '2025-05-27', 1, 'admin', '2026-05-11 01:07:52'),
  (100063, 100007, 1, 100323, '2025-09-07', 1, 'admin', '2026-05-11 01:07:52'),
  (100064, 100007, 1, 100324, '2025-06-23', 1, 'admin', '2026-05-11 01:07:52'),
  (100065, 100007, 1, 100325, '2025-07-10', 1, 'admin', '2026-05-11 01:07:52'),
  (100066, 100007, 1, 100326, '2025-03-02', 1, 'admin', '2026-05-11 01:07:52'),
  (100067, 100007, 1, 100327, '2025-09-16', 1, 'admin', '2026-05-11 01:07:52'),
  (100068, 100007, 1, 100328, '2025-04-23', 1, 'admin', '2026-05-11 01:07:52'),
  (100069, 100007, 1, 100329, '2025-08-11', 1, 'admin', '2026-05-11 01:07:52'),
  (100070, 100007, 1, 100330, '2025-04-01', 1, 'admin', '2026-05-11 01:07:52'),
  (100061, 100007, 1, 100331, '2025-01-22', 1, 'admin', '2026-05-11 01:07:52'),
  (100062, 100007, 1, 100332, '2025-02-04', 1, 'admin', '2026-05-11 01:07:52'),
  (100063, 100007, 1, 100333, '2025-10-22', 1, 'admin', '2026-05-11 01:07:52'),
  (100064, 100007, 1, 100334, '2025-08-05', 1, 'admin', '2026-05-11 01:07:52'),
  (100065, 100007, 1, 100335, '2025-02-25', 1, 'admin', '2026-05-11 01:07:52'),
  (100066, 100007, 1, 100336, '2025-09-03', 1, 'admin', '2026-05-11 01:07:52'),
  (100067, 100007, 1, 100337, '2025-12-24', 1, 'admin', '2026-05-11 01:07:52'),
  (100068, 100007, 1, 100338, '2025-02-09', 1, 'admin', '2026-05-11 01:07:52'),
  (100069, 100007, 1, 100339, '2025-11-08', 1, 'admin', '2026-05-11 01:07:52'),
  (100070, 100007, 1, 100340, '2025-08-10', 1, 'admin', '2026-05-11 01:07:52'),
  (100061, 100007, 1, 100341, '2025-05-15', 1, 'admin', '2026-05-11 01:07:52'),
  (100062, 100007, 1, 100342, '2025-01-04', 1, 'admin', '2026-05-11 01:07:52'),
  (100063, 100007, 1, 100343, '2025-03-28', 1, 'admin', '2026-05-11 01:07:52'),
  (100064, 100007, 1, 100344, '2025-01-28', 1, 'admin', '2026-05-11 01:07:52'),
  (100065, 100007, 1, 100345, '2025-05-12', 1, 'admin', '2026-05-11 01:07:52'),
  (100066, 100007, 1, 100346, '2025-11-11', 1, 'admin', '2026-05-11 01:07:52'),
  (100067, 100007, 1, 100347, '2025-07-24', 1, 'admin', '2026-05-11 01:07:52'),
  (100068, 100007, 1, 100348, '2025-02-04', 1, 'admin', '2026-05-11 01:07:52'),
  (100069, 100007, 1, 100349, '2025-01-01', 1, 'admin', '2026-05-11 01:07:52'),
  (100070, 100007, 1, 100350, '2025-03-22', 1, 'admin', '2026-05-11 01:07:52'),
  (100071, 100008, 1, 100351, '2025-11-06', 1, 'admin', '2026-05-11 01:07:52'),
  (100072, 100008, 1, 100352, '2025-06-12', 1, 'admin', '2026-05-11 01:07:52'),
  (100073, 100008, 1, 100353, '2025-08-20', 1, 'admin', '2026-05-11 01:07:52'),
  (100074, 100008, 1, 100354, '2025-05-24', 1, 'admin', '2026-05-11 01:07:52'),
  (100075, 100008, 1, 100355, '2025-02-12', 1, 'admin', '2026-05-11 01:07:52'),
  (100076, 100008, 1, 100356, '2025-06-06', 1, 'admin', '2026-05-11 01:07:52'),
  (100077, 100008, 1, 100357, '2025-02-13', 1, 'admin', '2026-05-11 01:07:52'),
  (100078, 100008, 1, 100358, '2025-07-15', 1, 'admin', '2026-05-11 01:07:52'),
  (100079, 100008, 1, 100359, '2025-05-27', 1, 'admin', '2026-05-11 01:07:52'),
  (100080, 100008, 1, 100360, '2025-07-23', 1, 'admin', '2026-05-11 01:07:52'),
  (100071, 100008, 1, 100361, '2025-08-26', 1, 'admin', '2026-05-11 01:07:52'),
  (100072, 100008, 1, 100362, '2025-07-21', 1, 'admin', '2026-05-11 01:07:52'),
  (100073, 100008, 1, 100363, '2025-03-04', 1, 'admin', '2026-05-11 01:07:52'),
  (100074, 100008, 1, 100364, '2025-03-23', 1, 'admin', '2026-05-11 01:07:52'),
  (100075, 100008, 1, 100365, '2025-12-02', 1, 'admin', '2026-05-11 01:07:52'),
  (100076, 100008, 1, 100366, '2025-03-04', 1, 'admin', '2026-05-11 01:07:52'),
  (100077, 100008, 1, 100367, '2025-07-19', 1, 'admin', '2026-05-11 01:07:52'),
  (100078, 100008, 1, 100368, '2025-08-26', 1, 'admin', '2026-05-11 01:07:52'),
  (100079, 100008, 1, 100369, '2025-10-22', 1, 'admin', '2026-05-11 01:07:52'),
  (100080, 100008, 1, 100370, '2025-08-06', 1, 'admin', '2026-05-11 01:07:52'),
  (100071, 100008, 1, 100371, '2025-10-13', 1, 'admin', '2026-05-11 01:07:52'),
  (100072, 100008, 1, 100372, '2025-06-20', 1, 'admin', '2026-05-11 01:07:52'),
  (100073, 100008, 1, 100373, '2025-01-28', 1, 'admin', '2026-05-11 01:07:52'),
  (100074, 100008, 1, 100374, '2025-11-27', 1, 'admin', '2026-05-11 01:07:52'),
  (100075, 100008, 1, 100375, '2025-12-05', 1, 'admin', '2026-05-11 01:07:52'),
  (100076, 100008, 1, 100376, '2025-08-16', 1, 'admin', '2026-05-11 01:07:52'),
  (100077, 100008, 1, 100377, '2025-02-14', 1, 'admin', '2026-05-11 01:07:52'),
  (100078, 100008, 1, 100378, '2025-08-02', 1, 'admin', '2026-05-11 01:07:52'),
  (100079, 100008, 1, 100379, '2025-02-09', 1, 'admin', '2026-05-11 01:07:52'),
  (100080, 100008, 1, 100380, '2025-11-11', 1, 'admin', '2026-05-11 01:07:52'),
  (100071, 100008, 1, 100381, '2025-01-23', 1, 'admin', '2026-05-11 01:07:52'),
  (100072, 100008, 1, 100382, '2025-11-17', 1, 'admin', '2026-05-11 01:07:52'),
  (100073, 100008, 1, 100383, '2025-12-19', 1, 'admin', '2026-05-11 01:07:52'),
  (100074, 100008, 1, 100384, '2025-12-19', 1, 'admin', '2026-05-11 01:07:52'),
  (100075, 100008, 1, 100385, '2025-04-22', 1, 'admin', '2026-05-11 01:07:52'),
  (100076, 100008, 1, 100386, '2025-06-17', 1, 'admin', '2026-05-11 01:07:52'),
  (100077, 100008, 1, 100387, '2025-09-23', 1, 'admin', '2026-05-11 01:07:52'),
  (100078, 100008, 1, 100388, '2025-12-20', 1, 'admin', '2026-05-11 01:07:52'),
  (100079, 100008, 1, 100389, '2025-02-14', 1, 'admin', '2026-05-11 01:07:52'),
  (100080, 100008, 1, 100390, '2025-11-24', 1, 'admin', '2026-05-11 01:07:52'),
  (100071, 100008, 1, 100391, '2025-04-16', 1, 'admin', '2026-05-11 01:07:52'),
  (100072, 100008, 1, 100392, '2025-06-22', 1, 'admin', '2026-05-11 01:07:52'),
  (100073, 100008, 1, 100393, '2025-11-21', 1, 'admin', '2026-05-11 01:07:52'),
  (100074, 100008, 1, 100394, '2025-07-05', 1, 'admin', '2026-05-11 01:07:52'),
  (100075, 100008, 1, 100395, '2025-09-20', 1, 'admin', '2026-05-11 01:07:52'),
  (100076, 100008, 1, 100396, '2025-01-01', 1, 'admin', '2026-05-11 01:07:52'),
  (100077, 100008, 1, 100397, '2025-11-06', 1, 'admin', '2026-05-11 01:07:52'),
  (100078, 100008, 1, 100398, '2025-09-28', 1, 'admin', '2026-05-11 01:07:52'),
  (100079, 100008, 1, 100399, '2025-08-28', 1, 'admin', '2026-05-11 01:07:52'),
  (100080, 100008, 1, 100400, '2025-08-28', 1, 'admin', '2026-05-11 01:07:52'),
  (100081, 100009, 1, 100401, '2025-03-03', 1, 'admin', '2026-05-11 01:07:52'),
  (100082, 100009, 1, 100402, '2025-08-11', 1, 'admin', '2026-05-11 01:07:52'),
  (100083, 100009, 1, 100403, '2025-04-11', 1, 'admin', '2026-05-11 01:07:52'),
  (100084, 100009, 1, 100404, '2025-05-02', 1, 'admin', '2026-05-11 01:07:52'),
  (100085, 100009, 1, 100405, '2025-09-08', 1, 'admin', '2026-05-11 01:07:52'),
  (100086, 100009, 1, 100406, '2025-09-21', 1, 'admin', '2026-05-11 01:07:52'),
  (100087, 100009, 1, 100407, '2025-07-13', 1, 'admin', '2026-05-11 01:07:52'),
  (100088, 100009, 1, 100408, '2025-04-03', 1, 'admin', '2026-05-11 01:07:52'),
  (100089, 100009, 1, 100409, '2025-08-15', 1, 'admin', '2026-05-11 01:07:52'),
  (100090, 100009, 1, 100410, '2025-10-15', 1, 'admin', '2026-05-11 01:07:52'),
  (100081, 100009, 1, 100411, '2025-02-28', 1, 'admin', '2026-05-11 01:07:52'),
  (100082, 100009, 1, 100412, '2025-08-15', 1, 'admin', '2026-05-11 01:07:52'),
  (100083, 100009, 1, 100413, '2025-06-04', 1, 'admin', '2026-05-11 01:07:52'),
  (100084, 100009, 1, 100414, '2025-08-24', 1, 'admin', '2026-05-11 01:07:52'),
  (100085, 100009, 1, 100415, '2025-11-01', 1, 'admin', '2026-05-11 01:07:52'),
  (100086, 100009, 1, 100416, '2025-02-13', 1, 'admin', '2026-05-11 01:07:52'),
  (100087, 100009, 1, 100417, '2025-07-02', 1, 'admin', '2026-05-11 01:07:52'),
  (100088, 100009, 1, 100418, '2025-09-18', 1, 'admin', '2026-05-11 01:07:52'),
  (100089, 100009, 1, 100419, '2025-01-27', 1, 'admin', '2026-05-11 01:07:52'),
  (100090, 100009, 1, 100420, '2025-02-26', 1, 'admin', '2026-05-11 01:07:52'),
  (100081, 100009, 1, 100421, '2025-10-20', 1, 'admin', '2026-05-11 01:07:52'),
  (100082, 100009, 1, 100422, '2025-11-10', 1, 'admin', '2026-05-11 01:07:52'),
  (100083, 100009, 1, 100423, '2025-09-18', 1, 'admin', '2026-05-11 01:07:52'),
  (100084, 100009, 1, 100424, '2025-04-21', 1, 'admin', '2026-05-11 01:07:52'),
  (100085, 100009, 1, 100425, '2025-11-15', 1, 'admin', '2026-05-11 01:07:52'),
  (100086, 100009, 1, 100426, '2025-06-12', 1, 'admin', '2026-05-11 01:07:52'),
  (100087, 100009, 1, 100427, '2025-01-27', 1, 'admin', '2026-05-11 01:07:52'),
  (100088, 100009, 1, 100428, '2025-04-28', 1, 'admin', '2026-05-11 01:07:52'),
  (100089, 100009, 1, 100429, '2025-08-11', 1, 'admin', '2026-05-11 01:07:52'),
  (100090, 100009, 1, 100430, '2025-09-25', 1, 'admin', '2026-05-11 01:07:52'),
  (100081, 100009, 1, 100431, '2025-10-20', 1, 'admin', '2026-05-11 01:07:52'),
  (100082, 100009, 1, 100432, '2025-08-23', 1, 'admin', '2026-05-11 01:07:52'),
  (100083, 100009, 1, 100433, '2025-11-12', 1, 'admin', '2026-05-11 01:07:52'),
  (100084, 100009, 1, 100434, '2025-12-15', 1, 'admin', '2026-05-11 01:07:52'),
  (100085, 100009, 1, 100435, '2025-02-04', 1, 'admin', '2026-05-11 01:07:52'),
  (100086, 100009, 1, 100436, '2025-11-08', 1, 'admin', '2026-05-11 01:07:52'),
  (100087, 100009, 1, 100437, '2025-01-11', 1, 'admin', '2026-05-11 01:07:52'),
  (100088, 100009, 1, 100438, '2025-06-27', 1, 'admin', '2026-05-11 01:07:52'),
  (100089, 100009, 1, 100439, '2025-11-26', 1, 'admin', '2026-05-11 01:07:52'),
  (100090, 100009, 1, 100440, '2025-05-18', 1, 'admin', '2026-05-11 01:07:52'),
  (100081, 100009, 1, 100441, '2025-09-12', 1, 'admin', '2026-05-11 01:07:52'),
  (100082, 100009, 1, 100442, '2025-12-04', 1, 'admin', '2026-05-11 01:07:52'),
  (100083, 100009, 1, 100443, '2025-01-06', 1, 'admin', '2026-05-11 01:07:52'),
  (100084, 100009, 1, 100444, '2025-08-05', 1, 'admin', '2026-05-11 01:07:52'),
  (100085, 100009, 1, 100445, '2025-12-24', 1, 'admin', '2026-05-11 01:07:52'),
  (100086, 100009, 1, 100446, '2025-12-14', 1, 'admin', '2026-05-11 01:07:52'),
  (100087, 100009, 1, 100447, '2025-02-09', 1, 'admin', '2026-05-11 01:07:52'),
  (100088, 100009, 1, 100448, '2025-10-07', 1, 'admin', '2026-05-11 01:07:52'),
  (100089, 100009, 1, 100449, '2025-04-04', 1, 'admin', '2026-05-11 01:07:52'),
  (100090, 100009, 1, 100450, '2025-07-07', 1, 'admin', '2026-05-11 01:07:52'),
  (100091, 100010, 1, 100451, '2025-08-27', 1, 'admin', '2026-05-11 01:07:52'),
  (100092, 100010, 1, 100452, '2025-04-23', 1, 'admin', '2026-05-11 01:07:52'),
  (100093, 100010, 1, 100453, '2025-06-04', 1, 'admin', '2026-05-11 01:07:52'),
  (100094, 100010, 1, 100454, '2025-07-02', 1, 'admin', '2026-05-11 01:07:52'),
  (100095, 100010, 1, 100455, '2025-11-27', 1, 'admin', '2026-05-11 01:07:52'),
  (100096, 100010, 1, 100456, '2025-11-19', 1, 'admin', '2026-05-11 01:07:52'),
  (100097, 100010, 1, 100457, '2025-02-25', 1, 'admin', '2026-05-11 01:07:52'),
  (100098, 100010, 1, 100458, '2025-08-15', 1, 'admin', '2026-05-11 01:07:52'),
  (100099, 100010, 1, 100459, '2025-11-19', 1, 'admin', '2026-05-11 01:07:52'),
  (100100, 100010, 1, 100460, '2025-09-05', 1, 'admin', '2026-05-11 01:07:52'),
  (100091, 100010, 1, 100461, '2025-08-01', 1, 'admin', '2026-05-11 01:07:52'),
  (100092, 100010, 1, 100462, '2025-09-24', 1, 'admin', '2026-05-11 01:07:52'),
  (100093, 100010, 1, 100463, '2025-01-18', 1, 'admin', '2026-05-11 01:07:52'),
  (100094, 100010, 1, 100464, '2025-07-27', 1, 'admin', '2026-05-11 01:07:52'),
  (100095, 100010, 1, 100465, '2025-10-16', 1, 'admin', '2026-05-11 01:07:52'),
  (100096, 100010, 1, 100466, '2025-09-25', 1, 'admin', '2026-05-11 01:07:52'),
  (100097, 100010, 1, 100467, '2025-03-23', 1, 'admin', '2026-05-11 01:07:52'),
  (100098, 100010, 1, 100468, '2025-10-06', 1, 'admin', '2026-05-11 01:07:52'),
  (100099, 100010, 1, 100469, '2025-12-27', 1, 'admin', '2026-05-11 01:07:52'),
  (100100, 100010, 1, 100470, '2025-03-04', 1, 'admin', '2026-05-11 01:07:52'),
  (100091, 100010, 1, 100471, '2025-07-22', 1, 'admin', '2026-05-11 01:07:52'),
  (100092, 100010, 1, 100472, '2025-10-20', 1, 'admin', '2026-05-11 01:07:52'),
  (100093, 100010, 1, 100473, '2025-06-17', 1, 'admin', '2026-05-11 01:07:52'),
  (100094, 100010, 1, 100474, '2025-07-14', 1, 'admin', '2026-05-11 01:07:52'),
  (100095, 100010, 1, 100475, '2025-10-23', 1, 'admin', '2026-05-11 01:07:52'),
  (100096, 100010, 1, 100476, '2025-04-09', 1, 'admin', '2026-05-11 01:07:52'),
  (100097, 100010, 1, 100477, '2025-07-11', 1, 'admin', '2026-05-11 01:07:52'),
  (100098, 100010, 1, 100478, '2025-05-15', 1, 'admin', '2026-05-11 01:07:52'),
  (100099, 100010, 1, 100479, '2025-03-05', 1, 'admin', '2026-05-11 01:07:52'),
  (100100, 100010, 1, 100480, '2025-07-20', 1, 'admin', '2026-05-11 01:07:52'),
  (100091, 100010, 1, 100481, '2025-12-24', 1, 'admin', '2026-05-11 01:07:52'),
  (100092, 100010, 1, 100482, '2025-09-10', 1, 'admin', '2026-05-11 01:07:52'),
  (100093, 100010, 1, 100483, '2025-12-18', 1, 'admin', '2026-05-11 01:07:52'),
  (100094, 100010, 1, 100484, '2025-06-23', 1, 'admin', '2026-05-11 01:07:52'),
  (100095, 100010, 1, 100485, '2025-12-18', 1, 'admin', '2026-05-11 01:07:52'),
  (100096, 100010, 1, 100486, '2025-11-07', 1, 'admin', '2026-05-11 01:07:52'),
  (100097, 100010, 1, 100487, '2025-04-07', 1, 'admin', '2026-05-11 01:07:52'),
  (100098, 100010, 1, 100488, '2025-10-23', 1, 'admin', '2026-05-11 01:07:52'),
  (100099, 100010, 1, 100489, '2025-05-22', 1, 'admin', '2026-05-11 01:07:52'),
  (100100, 100010, 1, 100490, '2025-06-22', 1, 'admin', '2026-05-11 01:07:52'),
  (100091, 100010, 1, 100491, '2025-03-23', 1, 'admin', '2026-05-11 01:07:52'),
  (100092, 100010, 1, 100492, '2025-11-06', 1, 'admin', '2026-05-11 01:07:52'),
  (100093, 100010, 1, 100493, '2025-09-18', 1, 'admin', '2026-05-11 01:07:52'),
  (100094, 100010, 1, 100494, '2025-12-21', 1, 'admin', '2026-05-11 01:07:52'),
  (100095, 100010, 1, 100495, '2025-06-23', 1, 'admin', '2026-05-11 01:07:52'),
  (100096, 100010, 1, 100496, '2025-02-25', 1, 'admin', '2026-05-11 01:07:52'),
  (100097, 100010, 1, 100497, '2025-06-18', 1, 'admin', '2026-05-11 01:07:52'),
  (100098, 100010, 1, 100498, '2025-08-19', 1, 'admin', '2026-05-11 01:07:52'),
  (100099, 100010, 1, 100499, '2025-10-22', 1, 'admin', '2026-05-11 01:07:52'),
  (100100, 100010, 1, 100500, '2025-12-14', 1, 'admin', '2026-05-11 01:07:52');

-- ------------------------------------------------------------
-- 6. resi_meter_device  100 个仪表（每项目 10 个：6水表+4电表）
-- ------------------------------------------------------------
INSERT INTO resi_meter_device (id, project_id, room_id, meter_code, meter_type, install_date, init_reading, multiplier, is_public, public_group, enabled_mark, create_by, create_time, update_by, update_time) VALUES
  (100001, 100001, 100001, 'M100001001', 1, '2024-11-24', 446.933, 100, 0, NULL, 1, 'admin', '2026-05-11 01:07:52', 'admin', '2026-05-11 01:07:52'),
  (100002, 100001, 100002, 'M100001002', 1, '2024-05-28', 211.1932, 1, 0, NULL, 1, 'admin', '2026-05-11 01:07:52', 'admin', '2026-05-11 01:07:52'),
  (100003, 100001, 100003, 'M100001003', 1, '2024-09-04', 12.6361, 1, 0, NULL, 1, 'admin', '2026-05-11 01:07:52', 'admin', '2026-05-11 01:07:52'),
  (100004, 100001, 100004, 'M100001004', 1, '2024-01-22', 28.3024, 1, 0, NULL, 1, 'admin', '2026-05-11 01:07:52', 'admin', '2026-05-11 01:07:52'),
  (100005, 100001, 100005, 'M100001005', 1, '2024-03-10', 341.6952, 1, 0, NULL, 1, 'admin', '2026-05-11 01:07:52', 'admin', '2026-05-11 01:07:52'),
  (100006, 100001, 100006, 'M100001006', 1, '2024-01-23', 392.1787, 1, 0, NULL, 1, 'admin', '2026-05-11 01:07:52', 'admin', '2026-05-11 01:07:52'),
  (100007, 100001, 100007, 'M100001007', 2, '2024-09-02', 179.3412, 10, 0, NULL, 1, 'admin', '2026-05-11 01:07:52', 'admin', '2026-05-11 01:07:52'),
  (100008, 100001, 100008, 'M100001008', 2, '2024-02-20', 434.0177, 100, 0, NULL, 1, 'admin', '2026-05-11 01:07:52', 'admin', '2026-05-11 01:07:52'),
  (100009, 100001, NULL, 'M100001009', 2, '2024-04-24', 323.5597, 10, 1, 'G01', 1, 'admin', '2026-05-11 01:07:52', 'admin', '2026-05-11 01:07:52'),
  (100010, 100001, NULL, 'M100001010', 2, '2024-04-17', 392.1536, 1, 1, 'G02', 1, 'admin', '2026-05-11 01:07:52', 'admin', '2026-05-11 01:07:52'),
  (100011, 100002, 100051, 'M100002001', 1, '2024-12-22', 23.4899, 10, 0, NULL, 1, 'admin', '2026-05-11 01:07:52', 'admin', '2026-05-11 01:07:52'),
  (100012, 100002, 100052, 'M100002002', 1, '2024-07-14', 478.351, 1, 0, NULL, 1, 'admin', '2026-05-11 01:07:52', 'admin', '2026-05-11 01:07:52'),
  (100013, 100002, 100053, 'M100002003', 1, '2024-09-02', 6.4826, 1, 0, NULL, 1, 'admin', '2026-05-11 01:07:52', 'admin', '2026-05-11 01:07:52'),
  (100014, 100002, 100054, 'M100002004', 1, '2024-04-20', 434.425, 10, 0, NULL, 1, 'admin', '2026-05-11 01:07:52', 'admin', '2026-05-11 01:07:52'),
  (100015, 100002, 100055, 'M100002005', 1, '2024-04-21', 352.3145, 1, 0, NULL, 1, 'admin', '2026-05-11 01:07:52', 'admin', '2026-05-11 01:07:52'),
  (100016, 100002, 100056, 'M100002006', 1, '2024-10-18', 369.225, 1, 0, NULL, 1, 'admin', '2026-05-11 01:07:52', 'admin', '2026-05-11 01:07:52'),
  (100017, 100002, 100057, 'M100002007', 2, '2024-12-07', 147.0889, 1, 0, NULL, 1, 'admin', '2026-05-11 01:07:52', 'admin', '2026-05-11 01:07:52'),
  (100018, 100002, 100058, 'M100002008', 2, '2024-11-03', 93.4883, 1, 0, NULL, 1, 'admin', '2026-05-11 01:07:52', 'admin', '2026-05-11 01:07:52'),
  (100019, 100002, NULL, 'M100002009', 2, '2024-12-17', 59.6769, 1, 1, 'G01', 1, 'admin', '2026-05-11 01:07:52', 'admin', '2026-05-11 01:07:52'),
  (100020, 100002, NULL, 'M100002010', 2, '2024-07-09', 278.2993, 1, 1, 'G02', 1, 'admin', '2026-05-11 01:07:52', 'admin', '2026-05-11 01:07:52'),
  (100021, 100003, 100101, 'M100003001', 1, '2024-03-19', 423.0071, 1, 0, NULL, 1, 'admin', '2026-05-11 01:07:52', 'admin', '2026-05-11 01:07:52'),
  (100022, 100003, 100102, 'M100003002', 1, '2024-06-15', 354.8446, 1, 0, NULL, 1, 'admin', '2026-05-11 01:07:52', 'admin', '2026-05-11 01:07:52'),
  (100023, 100003, 100103, 'M100003003', 1, '2024-01-05', 464.3141, 100, 0, NULL, 1, 'admin', '2026-05-11 01:07:52', 'admin', '2026-05-11 01:07:52'),
  (100024, 100003, 100104, 'M100003004', 1, '2024-01-25', 466.1909, 100, 0, NULL, 1, 'admin', '2026-05-11 01:07:52', 'admin', '2026-05-11 01:07:52'),
  (100025, 100003, 100105, 'M100003005', 1, '2024-11-10', 245.2755, 100, 0, NULL, 1, 'admin', '2026-05-11 01:07:52', 'admin', '2026-05-11 01:07:52'),
  (100026, 100003, 100106, 'M100003006', 1, '2024-09-12', 36.4404, 1, 0, NULL, 1, 'admin', '2026-05-11 01:07:52', 'admin', '2026-05-11 01:07:52'),
  (100027, 100003, 100107, 'M100003007', 2, '2024-09-08', 478.4939, 100, 0, NULL, 1, 'admin', '2026-05-11 01:07:52', 'admin', '2026-05-11 01:07:52'),
  (100028, 100003, 100108, 'M100003008', 2, '2024-02-26', 252.5702, 10, 0, NULL, 1, 'admin', '2026-05-11 01:07:52', 'admin', '2026-05-11 01:07:52'),
  (100029, 100003, NULL, 'M100003009', 2, '2024-09-18', 201.7085, 1, 1, 'G01', 1, 'admin', '2026-05-11 01:07:52', 'admin', '2026-05-11 01:07:52'),
  (100030, 100003, NULL, 'M100003010', 2, '2024-04-07', 331.6672, 1, 1, 'G02', 1, 'admin', '2026-05-11 01:07:52', 'admin', '2026-05-11 01:07:52'),
  (100031, 100004, 100151, 'M100004001', 1, '2024-06-10', 109.2226, 100, 0, NULL, 1, 'admin', '2026-05-11 01:07:52', 'admin', '2026-05-11 01:07:52'),
  (100032, 100004, 100152, 'M100004002', 1, '2024-09-16', 498.3155, 1, 0, NULL, 1, 'admin', '2026-05-11 01:07:52', 'admin', '2026-05-11 01:07:52'),
  (100033, 100004, 100153, 'M100004003', 1, '2024-02-22', 173.0036, 1, 0, NULL, 1, 'admin', '2026-05-11 01:07:52', 'admin', '2026-05-11 01:07:52'),
  (100034, 100004, 100154, 'M100004004', 1, '2024-11-20', 459.3036, 1, 0, NULL, 1, 'admin', '2026-05-11 01:07:52', 'admin', '2026-05-11 01:07:52'),
  (100035, 100004, 100155, 'M100004005', 1, '2024-01-22', 442.8301, 10, 0, NULL, 1, 'admin', '2026-05-11 01:07:52', 'admin', '2026-05-11 01:07:52'),
  (100036, 100004, 100156, 'M100004006', 1, '2024-02-13', 128.2953, 1, 0, NULL, 1, 'admin', '2026-05-11 01:07:52', 'admin', '2026-05-11 01:07:52'),
  (100037, 100004, 100157, 'M100004007', 2, '2024-01-17', 411.0545, 1, 0, NULL, 1, 'admin', '2026-05-11 01:07:52', 'admin', '2026-05-11 01:07:52'),
  (100038, 100004, 100158, 'M100004008', 2, '2024-09-26', 254.3678, 10, 0, NULL, 1, 'admin', '2026-05-11 01:07:52', 'admin', '2026-05-11 01:07:52'),
  (100039, 100004, NULL, 'M100004009', 2, '2024-01-10', 449.1408, 1, 1, 'G01', 1, 'admin', '2026-05-11 01:07:52', 'admin', '2026-05-11 01:07:52'),
  (100040, 100004, NULL, 'M100004010', 2, '2024-06-17', 41.1727, 1, 1, 'G02', 1, 'admin', '2026-05-11 01:07:52', 'admin', '2026-05-11 01:07:52'),
  (100041, 100005, 100201, 'M100005001', 1, '2024-03-25', 268.9874, 1, 0, NULL, 1, 'admin', '2026-05-11 01:07:52', 'admin', '2026-05-11 01:07:52'),
  (100042, 100005, 100202, 'M100005002', 1, '2024-11-03', 105.3907, 1, 0, NULL, 1, 'admin', '2026-05-11 01:07:52', 'admin', '2026-05-11 01:07:52'),
  (100043, 100005, 100203, 'M100005003', 1, '2024-11-14', 417.8325, 1, 0, NULL, 1, 'admin', '2026-05-11 01:07:52', 'admin', '2026-05-11 01:07:52'),
  (100044, 100005, 100204, 'M100005004', 1, '2024-09-27', 351.3714, 10, 0, NULL, 1, 'admin', '2026-05-11 01:07:52', 'admin', '2026-05-11 01:07:52'),
  (100045, 100005, 100205, 'M100005005', 1, '2024-11-27', 469.8756, 1, 0, NULL, 1, 'admin', '2026-05-11 01:07:52', 'admin', '2026-05-11 01:07:52'),
  (100046, 100005, 100206, 'M100005006', 1, '2024-01-15', 358.4341, 1, 0, NULL, 1, 'admin', '2026-05-11 01:07:52', 'admin', '2026-05-11 01:07:52'),
  (100047, 100005, 100207, 'M100005007', 2, '2024-02-03', 27.134, 1, 0, NULL, 1, 'admin', '2026-05-11 01:07:52', 'admin', '2026-05-11 01:07:52'),
  (100048, 100005, 100208, 'M100005008', 2, '2024-09-03', 287.4811, 1, 0, NULL, 1, 'admin', '2026-05-11 01:07:52', 'admin', '2026-05-11 01:07:52'),
  (100049, 100005, NULL, 'M100005009', 2, '2024-05-14', 194.0163, 10, 1, 'G01', 1, 'admin', '2026-05-11 01:07:52', 'admin', '2026-05-11 01:07:52'),
  (100050, 100005, NULL, 'M100005010', 2, '2024-07-11', 8.4455, 1, 1, 'G02', 1, 'admin', '2026-05-11 01:07:52', 'admin', '2026-05-11 01:07:52'),
  (100051, 100006, 100251, 'M100006001', 1, '2024-09-01', 320.7114, 100, 0, NULL, 1, 'admin', '2026-05-11 01:07:52', 'admin', '2026-05-11 01:07:52'),
  (100052, 100006, 100252, 'M100006002', 1, '2024-02-25', 372.9755, 1, 0, NULL, 1, 'admin', '2026-05-11 01:07:52', 'admin', '2026-05-11 01:07:52'),
  (100053, 100006, 100253, 'M100006003', 1, '2024-12-28', 36.2947, 100, 0, NULL, 1, 'admin', '2026-05-11 01:07:52', 'admin', '2026-05-11 01:07:52'),
  (100054, 100006, 100254, 'M100006004', 1, '2024-02-10', 393.4459, 1, 0, NULL, 1, 'admin', '2026-05-11 01:07:52', 'admin', '2026-05-11 01:07:52'),
  (100055, 100006, 100255, 'M100006005', 1, '2024-10-03', 140.7587, 10, 0, NULL, 1, 'admin', '2026-05-11 01:07:52', 'admin', '2026-05-11 01:07:52'),
  (100056, 100006, 100256, 'M100006006', 1, '2024-07-13', 411.0612, 1, 0, NULL, 1, 'admin', '2026-05-11 01:07:52', 'admin', '2026-05-11 01:07:52'),
  (100057, 100006, 100257, 'M100006007', 2, '2024-08-06', 266.7339, 1, 0, NULL, 1, 'admin', '2026-05-11 01:07:52', 'admin', '2026-05-11 01:07:52'),
  (100058, 100006, 100258, 'M100006008', 2, '2024-12-13', 398.3852, 100, 0, NULL, 1, 'admin', '2026-05-11 01:07:52', 'admin', '2026-05-11 01:07:52'),
  (100059, 100006, NULL, 'M100006009', 2, '2024-05-21', 72.0378, 1, 1, 'G01', 1, 'admin', '2026-05-11 01:07:52', 'admin', '2026-05-11 01:07:52'),
  (100060, 100006, NULL, 'M100006010', 2, '2024-01-18', 437.3835, 1, 1, 'G02', 1, 'admin', '2026-05-11 01:07:52', 'admin', '2026-05-11 01:07:52'),
  (100061, 100007, 100301, 'M100007001', 1, '2024-02-02', 2.5149, 100, 0, NULL, 1, 'admin', '2026-05-11 01:07:52', 'admin', '2026-05-11 01:07:52'),
  (100062, 100007, 100302, 'M100007002', 1, '2024-07-18', 273.7627, 1, 0, NULL, 1, 'admin', '2026-05-11 01:07:52', 'admin', '2026-05-11 01:07:52'),
  (100063, 100007, 100303, 'M100007003', 1, '2024-05-07', 374.1483, 1, 0, NULL, 1, 'admin', '2026-05-11 01:07:52', 'admin', '2026-05-11 01:07:52'),
  (100064, 100007, 100304, 'M100007004', 1, '2024-04-14', 452.814, 100, 0, NULL, 1, 'admin', '2026-05-11 01:07:52', 'admin', '2026-05-11 01:07:52'),
  (100065, 100007, 100305, 'M100007005', 1, '2024-03-06', 91.9964, 100, 0, NULL, 1, 'admin', '2026-05-11 01:07:52', 'admin', '2026-05-11 01:07:52'),
  (100066, 100007, 100306, 'M100007006', 1, '2024-05-07', 57.3113, 100, 0, NULL, 1, 'admin', '2026-05-11 01:07:52', 'admin', '2026-05-11 01:07:52'),
  (100067, 100007, 100307, 'M100007007', 2, '2024-01-28', 375.5209, 100, 0, NULL, 1, 'admin', '2026-05-11 01:07:52', 'admin', '2026-05-11 01:07:52'),
  (100068, 100007, 100308, 'M100007008', 2, '2024-08-21', 274.8323, 1, 0, NULL, 1, 'admin', '2026-05-11 01:07:52', 'admin', '2026-05-11 01:07:52'),
  (100069, 100007, NULL, 'M100007009', 2, '2024-11-03', 125.3438, 1, 1, 'G01', 1, 'admin', '2026-05-11 01:07:52', 'admin', '2026-05-11 01:07:52'),
  (100070, 100007, NULL, 'M100007010', 2, '2024-12-19', 243.5952, 1, 1, 'G02', 1, 'admin', '2026-05-11 01:07:52', 'admin', '2026-05-11 01:07:52'),
  (100071, 100008, 100351, 'M100008001', 1, '2024-06-05', 335.6478, 1, 0, NULL, 1, 'admin', '2026-05-11 01:07:52', 'admin', '2026-05-11 01:07:52'),
  (100072, 100008, 100352, 'M100008002', 1, '2024-02-10', 309.7579, 1, 0, NULL, 1, 'admin', '2026-05-11 01:07:52', 'admin', '2026-05-11 01:07:52'),
  (100073, 100008, 100353, 'M100008003', 1, '2024-06-16', 225.323, 100, 0, NULL, 1, 'admin', '2026-05-11 01:07:52', 'admin', '2026-05-11 01:07:52'),
  (100074, 100008, 100354, 'M100008004', 1, '2024-11-10', 346.7291, 1, 0, NULL, 1, 'admin', '2026-05-11 01:07:52', 'admin', '2026-05-11 01:07:52'),
  (100075, 100008, 100355, 'M100008005', 1, '2024-10-19', 182.2467, 1, 0, NULL, 1, 'admin', '2026-05-11 01:07:52', 'admin', '2026-05-11 01:07:52'),
  (100076, 100008, 100356, 'M100008006', 1, '2024-07-06', 2.4159, 1, 0, NULL, 1, 'admin', '2026-05-11 01:07:52', 'admin', '2026-05-11 01:07:52'),
  (100077, 100008, 100357, 'M100008007', 2, '2024-04-23', 369.9081, 10, 0, NULL, 1, 'admin', '2026-05-11 01:07:52', 'admin', '2026-05-11 01:07:52'),
  (100078, 100008, 100358, 'M100008008', 2, '2024-05-27', 179.743, 1, 0, NULL, 1, 'admin', '2026-05-11 01:07:52', 'admin', '2026-05-11 01:07:52'),
  (100079, 100008, NULL, 'M100008009', 2, '2024-08-15', 222.679, 1, 1, 'G01', 1, 'admin', '2026-05-11 01:07:52', 'admin', '2026-05-11 01:07:52'),
  (100080, 100008, NULL, 'M100008010', 2, '2024-08-18', 54.4163, 100, 1, 'G02', 1, 'admin', '2026-05-11 01:07:52', 'admin', '2026-05-11 01:07:52'),
  (100081, 100009, 100401, 'M100009001', 1, '2024-02-27', 140.308, 1, 0, NULL, 1, 'admin', '2026-05-11 01:07:52', 'admin', '2026-05-11 01:07:52'),
  (100082, 100009, 100402, 'M100009002', 1, '2024-09-07', 131.6173, 1, 0, NULL, 1, 'admin', '2026-05-11 01:07:52', 'admin', '2026-05-11 01:07:52'),
  (100083, 100009, 100403, 'M100009003', 1, '2024-12-03', 446.0526, 100, 0, NULL, 1, 'admin', '2026-05-11 01:07:52', 'admin', '2026-05-11 01:07:52'),
  (100084, 100009, 100404, 'M100009004', 1, '2024-11-01', 406.3212, 100, 0, NULL, 1, 'admin', '2026-05-11 01:07:52', 'admin', '2026-05-11 01:07:52'),
  (100085, 100009, 100405, 'M100009005', 1, '2024-07-25', 295.0182, 1, 0, NULL, 1, 'admin', '2026-05-11 01:07:52', 'admin', '2026-05-11 01:07:52'),
  (100086, 100009, 100406, 'M100009006', 1, '2024-09-09', 271.7347, 100, 0, NULL, 1, 'admin', '2026-05-11 01:07:52', 'admin', '2026-05-11 01:07:52'),
  (100087, 100009, 100407, 'M100009007', 2, '2024-08-21', 387.5986, 1, 0, NULL, 1, 'admin', '2026-05-11 01:07:52', 'admin', '2026-05-11 01:07:52'),
  (100088, 100009, 100408, 'M100009008', 2, '2024-07-08', 445.7188, 100, 0, NULL, 1, 'admin', '2026-05-11 01:07:52', 'admin', '2026-05-11 01:07:52'),
  (100089, 100009, NULL, 'M100009009', 2, '2024-12-28', 145.4996, 10, 1, 'G01', 1, 'admin', '2026-05-11 01:07:52', 'admin', '2026-05-11 01:07:52'),
  (100090, 100009, NULL, 'M100009010', 2, '2024-09-17', 45.277, 1, 1, 'G02', 1, 'admin', '2026-05-11 01:07:52', 'admin', '2026-05-11 01:07:52'),
  (100091, 100010, 100451, 'M100010001', 1, '2024-09-01', 331.3392, 100, 0, NULL, 1, 'admin', '2026-05-11 01:07:52', 'admin', '2026-05-11 01:07:52'),
  (100092, 100010, 100452, 'M100010002', 1, '2024-11-06', 378.603, 1, 0, NULL, 1, 'admin', '2026-05-11 01:07:52', 'admin', '2026-05-11 01:07:52'),
  (100093, 100010, 100453, 'M100010003', 1, '2024-08-06', 89.5726, 100, 0, NULL, 1, 'admin', '2026-05-11 01:07:52', 'admin', '2026-05-11 01:07:52'),
  (100094, 100010, 100454, 'M100010004', 1, '2024-11-28', 483.8678, 10, 0, NULL, 1, 'admin', '2026-05-11 01:07:52', 'admin', '2026-05-11 01:07:52'),
  (100095, 100010, 100455, 'M100010005', 1, '2024-06-02', 109.4096, 10, 0, NULL, 1, 'admin', '2026-05-11 01:07:52', 'admin', '2026-05-11 01:07:52'),
  (100096, 100010, 100456, 'M100010006', 1, '2024-04-03', 132.1786, 1, 0, NULL, 1, 'admin', '2026-05-11 01:07:52', 'admin', '2026-05-11 01:07:52'),
  (100097, 100010, 100457, 'M100010007', 2, '2024-01-22', 103.387, 1, 0, NULL, 1, 'admin', '2026-05-11 01:07:52', 'admin', '2026-05-11 01:07:52'),
  (100098, 100010, 100458, 'M100010008', 2, '2024-07-16', 458.951, 1, 0, NULL, 1, 'admin', '2026-05-11 01:07:52', 'admin', '2026-05-11 01:07:52'),
  (100099, 100010, NULL, 'M100010009', 2, '2024-01-21', 162.0356, 100, 1, 'G01', 1, 'admin', '2026-05-11 01:07:52', 'admin', '2026-05-11 01:07:52'),
  (100100, 100010, NULL, 'M100010010', 2, '2024-11-27', 136.7477, 1, 1, 'G02', 1, 'admin', '2026-05-11 01:07:52', 'admin', '2026-05-11 01:07:52');

-- ------------------------------------------------------------
-- 7. resi_parking_area  10 个区域（每项目 1 个）
-- ------------------------------------------------------------
INSERT INTO resi_parking_area (id, project_id, area_code, area_name, total_count, enabled_mark, create_by, create_time) VALUES
  (100001, 100001, 'A区', '地面停车场', 50, 1, 'admin', '2026-05-11 01:07:52'),
  (100002, 100002, 'A区', '地面停车场', 50, 1, 'admin', '2026-05-11 01:07:52'),
  (100003, 100003, 'A区', '地面停车场', 50, 1, 'admin', '2026-05-11 01:07:52'),
  (100004, 100004, 'A区', '地面停车场', 50, 1, 'admin', '2026-05-11 01:07:52'),
  (100005, 100005, 'A区', '地面停车场', 50, 1, 'admin', '2026-05-11 01:07:52'),
  (100006, 100006, 'A区', '地面停车场', 50, 1, 'admin', '2026-05-11 01:07:52'),
  (100007, 100007, 'A区', '地面停车场', 50, 1, 'admin', '2026-05-11 01:07:52'),
  (100008, 100008, 'A区', '地面停车场', 50, 1, 'admin', '2026-05-11 01:07:52'),
  (100009, 100009, 'A区', '地面停车场', 50, 1, 'admin', '2026-05-11 01:07:52'),
  (100010, 100010, 'A区', '地面停车场', 50, 1, 'admin', '2026-05-11 01:07:52');

-- ------------------------------------------------------------
-- 8. resi_parking_space  50 个车位（每项目 5 个）
-- ------------------------------------------------------------
INSERT INTO resi_parking_space (id, project_id, area_id, space_code, space_type, property_type, state, enabled_mark, create_by, create_time, update_by, update_time) VALUES
  (100001, 100001, 100001, 'A-001', 3, 3, 'SOLD', 1, 'admin', '2026-05-11 01:07:52', 'admin', '2026-05-11 01:07:52'),
  (100002, 100001, 100001, 'A-002', 1, 2, 'SOLD', 1, 'admin', '2026-05-11 01:07:52', 'admin', '2026-05-11 01:07:52'),
  (100003, 100001, 100001, 'A-003', 2, 2, 'SOLD', 1, 'admin', '2026-05-11 01:07:52', 'admin', '2026-05-11 01:07:52'),
  (100004, 100001, 100001, 'A-004', 3, 1, 'SOLD', 1, 'admin', '2026-05-11 01:07:52', 'admin', '2026-05-11 01:07:52'),
  (100005, 100001, 100001, 'A-005', 2, 2, 'IDLE', 1, 'admin', '2026-05-11 01:07:52', 'admin', '2026-05-11 01:07:52'),
  (100006, 100002, 100002, 'A-001', 3, 2, 'OCCUPIED', 1, 'admin', '2026-05-11 01:07:52', 'admin', '2026-05-11 01:07:52'),
  (100007, 100002, 100002, 'A-002', 2, 2, 'OCCUPIED', 1, 'admin', '2026-05-11 01:07:52', 'admin', '2026-05-11 01:07:52'),
  (100008, 100002, 100002, 'A-003', 3, 1, 'SOLD', 1, 'admin', '2026-05-11 01:07:52', 'admin', '2026-05-11 01:07:52'),
  (100009, 100002, 100002, 'A-004', 1, 2, 'IDLE', 1, 'admin', '2026-05-11 01:07:52', 'admin', '2026-05-11 01:07:52'),
  (100010, 100002, 100002, 'A-005', 1, 1, 'SOLD', 1, 'admin', '2026-05-11 01:07:52', 'admin', '2026-05-11 01:07:52'),
  (100011, 100003, 100003, 'A-001', 3, 2, 'IDLE', 1, 'admin', '2026-05-11 01:07:52', 'admin', '2026-05-11 01:07:52'),
  (100012, 100003, 100003, 'A-002', 1, 1, 'IDLE', 1, 'admin', '2026-05-11 01:07:52', 'admin', '2026-05-11 01:07:52'),
  (100013, 100003, 100003, 'A-003', 2, 3, 'SOLD', 1, 'admin', '2026-05-11 01:07:52', 'admin', '2026-05-11 01:07:52'),
  (100014, 100003, 100003, 'A-004', 1, 3, 'IDLE', 1, 'admin', '2026-05-11 01:07:52', 'admin', '2026-05-11 01:07:52'),
  (100015, 100003, 100003, 'A-005', 2, 2, 'SOLD', 1, 'admin', '2026-05-11 01:07:52', 'admin', '2026-05-11 01:07:52'),
  (100016, 100004, 100004, 'A-001', 1, 2, 'SOLD', 1, 'admin', '2026-05-11 01:07:52', 'admin', '2026-05-11 01:07:52'),
  (100017, 100004, 100004, 'A-002', 2, 2, 'IDLE', 1, 'admin', '2026-05-11 01:07:52', 'admin', '2026-05-11 01:07:52'),
  (100018, 100004, 100004, 'A-003', 3, 1, 'SOLD', 1, 'admin', '2026-05-11 01:07:52', 'admin', '2026-05-11 01:07:52'),
  (100019, 100004, 100004, 'A-004', 2, 1, 'IDLE', 1, 'admin', '2026-05-11 01:07:52', 'admin', '2026-05-11 01:07:52'),
  (100020, 100004, 100004, 'A-005', 1, 1, 'SOLD', 1, 'admin', '2026-05-11 01:07:52', 'admin', '2026-05-11 01:07:52'),
  (100021, 100005, 100005, 'A-001', 3, 1, 'IDLE', 1, 'admin', '2026-05-11 01:07:52', 'admin', '2026-05-11 01:07:52'),
  (100022, 100005, 100005, 'A-002', 3, 3, 'IDLE', 1, 'admin', '2026-05-11 01:07:52', 'admin', '2026-05-11 01:07:52'),
  (100023, 100005, 100005, 'A-003', 3, 1, 'IDLE', 1, 'admin', '2026-05-11 01:07:52', 'admin', '2026-05-11 01:07:52'),
  (100024, 100005, 100005, 'A-004', 1, 2, 'IDLE', 1, 'admin', '2026-05-11 01:07:52', 'admin', '2026-05-11 01:07:52'),
  (100025, 100005, 100005, 'A-005', 3, 2, 'SOLD', 1, 'admin', '2026-05-11 01:07:52', 'admin', '2026-05-11 01:07:52'),
  (100026, 100006, 100006, 'A-001', 3, 3, 'IDLE', 1, 'admin', '2026-05-11 01:07:52', 'admin', '2026-05-11 01:07:52'),
  (100027, 100006, 100006, 'A-002', 3, 3, 'SOLD', 1, 'admin', '2026-05-11 01:07:52', 'admin', '2026-05-11 01:07:52'),
  (100028, 100006, 100006, 'A-003', 2, 1, 'IDLE', 1, 'admin', '2026-05-11 01:07:52', 'admin', '2026-05-11 01:07:52'),
  (100029, 100006, 100006, 'A-004', 2, 3, 'OCCUPIED', 1, 'admin', '2026-05-11 01:07:52', 'admin', '2026-05-11 01:07:52'),
  (100030, 100006, 100006, 'A-005', 2, 1, 'IDLE', 1, 'admin', '2026-05-11 01:07:52', 'admin', '2026-05-11 01:07:52'),
  (100031, 100007, 100007, 'A-001', 2, 3, 'IDLE', 1, 'admin', '2026-05-11 01:07:52', 'admin', '2026-05-11 01:07:52'),
  (100032, 100007, 100007, 'A-002', 3, 1, 'SOLD', 1, 'admin', '2026-05-11 01:07:52', 'admin', '2026-05-11 01:07:52'),
  (100033, 100007, 100007, 'A-003', 3, 3, 'OCCUPIED', 1, 'admin', '2026-05-11 01:07:52', 'admin', '2026-05-11 01:07:52'),
  (100034, 100007, 100007, 'A-004', 1, 3, 'SOLD', 1, 'admin', '2026-05-11 01:07:52', 'admin', '2026-05-11 01:07:52'),
  (100035, 100007, 100007, 'A-005', 2, 2, 'SOLD', 1, 'admin', '2026-05-11 01:07:52', 'admin', '2026-05-11 01:07:52'),
  (100036, 100008, 100008, 'A-001', 3, 1, 'IDLE', 1, 'admin', '2026-05-11 01:07:52', 'admin', '2026-05-11 01:07:52'),
  (100037, 100008, 100008, 'A-002', 2, 2, 'IDLE', 1, 'admin', '2026-05-11 01:07:52', 'admin', '2026-05-11 01:07:52'),
  (100038, 100008, 100008, 'A-003', 1, 1, 'IDLE', 1, 'admin', '2026-05-11 01:07:52', 'admin', '2026-05-11 01:07:52'),
  (100039, 100008, 100008, 'A-004', 3, 3, 'SOLD', 1, 'admin', '2026-05-11 01:07:52', 'admin', '2026-05-11 01:07:52'),
  (100040, 100008, 100008, 'A-005', 2, 1, 'SOLD', 1, 'admin', '2026-05-11 01:07:52', 'admin', '2026-05-11 01:07:52'),
  (100041, 100009, 100009, 'A-001', 1, 1, 'OCCUPIED', 1, 'admin', '2026-05-11 01:07:52', 'admin', '2026-05-11 01:07:52'),
  (100042, 100009, 100009, 'A-002', 3, 3, 'IDLE', 1, 'admin', '2026-05-11 01:07:52', 'admin', '2026-05-11 01:07:52'),
  (100043, 100009, 100009, 'A-003', 3, 3, 'IDLE', 1, 'admin', '2026-05-11 01:07:52', 'admin', '2026-05-11 01:07:52'),
  (100044, 100009, 100009, 'A-004', 1, 2, 'SOLD', 1, 'admin', '2026-05-11 01:07:52', 'admin', '2026-05-11 01:07:52'),
  (100045, 100009, 100009, 'A-005', 1, 3, 'SOLD', 1, 'admin', '2026-05-11 01:07:52', 'admin', '2026-05-11 01:07:52'),
  (100046, 100010, 100010, 'A-001', 1, 3, 'SOLD', 1, 'admin', '2026-05-11 01:07:52', 'admin', '2026-05-11 01:07:52'),
  (100047, 100010, 100010, 'A-002', 2, 3, 'OCCUPIED', 1, 'admin', '2026-05-11 01:07:52', 'admin', '2026-05-11 01:07:52'),
  (100048, 100010, 100010, 'A-003', 2, 1, 'SOLD', 1, 'admin', '2026-05-11 01:07:52', 'admin', '2026-05-11 01:07:52'),
  (100049, 100010, 100010, 'A-004', 3, 2, 'IDLE', 1, 'admin', '2026-05-11 01:07:52', 'admin', '2026-05-11 01:07:52'),
  (100050, 100010, 100010, 'A-005', 2, 2, 'OCCUPIED', 1, 'admin', '2026-05-11 01:07:52', 'admin', '2026-05-11 01:07:52');

SET FOREIGN_KEY_CHECKS = 1;

-- ============================================================
-- 测试数据汇总
-- ============================================================
-- 项目数量：10
-- 楼栋数量：50
-- 房间数量：500
-- 客户数量：100
-- 绑定数量：500
-- 仪表数量：100
-- 车场区域：10
-- 车位数量：50
-- ============================================================